Postcode;PercentageTrees;PercentageBushes;PercentageGrass
1011;20,29;5,89;17,21
1012;16,31;4,38;13,89
1013;21,12;7,54;30,54
1014;29,92;10,18;41,75
1015;21,36;7,43;17,37
1016;23,65;6,78;16,67
1017;27,79;8,00;20,10
1018;26,20;7,93;25,62
1019;17,09;7,11;31,22
1021;19,60;7,80;28,25
1022;44,12;7,93;34,50
1023;33,11;11,20;39,20
1024;36,37;8,84;34,71
1025;33,07;9,00;35,78
1026;24,92;11,34;63,19
1027;31,92;9,29;63,06
1028;21,14;7,95;66,95
1031;21,59;7,26;34,17
1032;26,91;7,56;34,12
1033;24,79;7,80;35,05
1034;26,59;9,52;43,02
1035;27,75;10,84;42,46
1036;5,48;6,25;33,10
1037;17,10;9,31;35,62
1041;24,38;6,49;48,12
1042;23,70;7,23;40,29
1043;25,01;10,20;47,91
1044;25,48;8,57;46,34
1045;22,22;7,25;61,27
1046;27,11;12,84;57,51
1047;31,16;10,11;61,70
1051;21,54;8,54;27,00
1052;25,99;8,02;20,48
1053;20,64;8,08;20,20
1054;26,38;8,40;21,14
1055;25,00;8,64;29,08
1056;27,34;8,64;29,73
1057;31,23;8,64;29,90
1058;34,77;8,09;30,19
1059;27,78;8,56;30,18
1060;23,22;7,29;40,55
1061;20,99;7,57;31,62
1062;28,32;7,95;41,00
1063;28,05;8,44;36,30
1064;35,52;8,36;37,97
1065;31,20;8,17;36,19
1066;30,38;9,58;40,66
1067;29,13;9,10;53,30
1068;27,03;7,90;36,29
1069;23,96;7,28;35,78
1071;27,96;8,78;27,96
1072;25,39;7,84;19,94
1073;26,76;8,55;21,09
1074;22,76;8,54;20,25
1075;31,44;9,22;30,75
1076;24,79;8,06;31,41
1077;31,68;8,71;29,72
1078;21,59;8,39;25,33
1079;30,58;9,08;31,78
1081;34,92;10,14;34,91
1082;31,55;9,08;30,70
1083;39,38;9,44;33,56
1086;8,71;8,22;37,39
1087;19,06;11,27;49,80
1091;21,39;8,40;24,46
1092;31,94;8,50;30,07
1093;19,59;8,76;24,59
1094;17,50;7,73;22,30
1095;34,44;9,77;41,68
1096;29,18;10,17;45,16
1097;31,10;8,98;36,53
1098;26,47;9,33;40,81
1101;16,76;6,54;38,25
1102;26,50;8,22;44,28
1103;31,23;8,95;41,54
1104;27,53;7,55;42,07
1105;31,18;9,39;55,76
1106;29,55;10,55;38,67
1107;28,18;9,12;41,07
1108;41,12;10,62;44,28
1109;32,78;11,62;55,63
1111;31,96;13,24;46,91
1112;30,28;12,54;42,09
1113;19,82;7,89;35,15
1114;28,04;10,23;48,01
1115;28,08;10,37;36,14
1117;23,11;6,95;81,03
1118;17,16;7,01;72,28
1119;17,31;7,29;48,79
1121;25,69;9,49;56,10
1127;32,55;10,90;57,59
1131;22,88;5,70;39,84
1132;17,63;6,76;36,46
1135;27,36;8,06;45,35
1141;31,73;9,22;49,49
1145;21,65;7,16;62,03
1151;22,33;8,82;59,82
1153;20,11;8,72;64,84
1154;18,02;8,67;60,21
1156;22,16;8,28;56,82
1161;25,43;9,05;47,63
1165;43,80;11,30;53,69
1171;24,82;8,89;56,55
1175;20,29;7,63;63,50
1181;24,92;9,51;30,83
1182;58,61;8,51;30,17
1183;29,29;9,15;48,71
1184;27,92;8,63;50,25
1185;30,50;8,04;34,55
1186;29,05;8,79;44,66
1187;40,60;8,79;35,86
1188;25,76;8,11;52,96
1189;23,13;9,11;40,09
1191;24,70;8,90;53,37
1211;20,96;7,50;24,57
1212;27,49;8,19;33,18
1213;61,02;8,82;37,68
1214;18,31;9,31;31,43
1215;28,92;10,33;35,34
1216;33,28;8,83;41,15
1217;59,56;8,93;29,80
1218;46,50;9,99;49,25
1221;20,81;7,80;24,44
1222;45,90;9,78;59,08
1223;34,23;10,05;41,05
1231;32,05;12,80;48,12
1241;33,08;15,43;49,56
1243;56,16;7,64;34,48
1244;33,61;15,76;48,44
1251;50,57;9,68;47,38
1252;59,75;9,89;32,95
1261;45,55;9,88;48,01
1262;3,81;4,01;37,87
1271;24,39;10,05;40,76
1272;56,65;9,45;34,70
1273;23,56;11,26;34,16
1274;16,76;9,14;38,52
1275;27,50;10,87;35,28
1276;28,71;8,58;36,14
1277;11,56;8,85;45,82
1309;46,78;11,72;53,43
1311;24,22;9,14;45,44
1312;32,66;10,75;47,21
1313;21,17;9,07;49,23
1314;18,33;8,17;49,05
1315;18,58;6,04;30,40
1316;31,64;15,26;55,97
1317;24,02;8,90;43,30
1318;22,85;8,97;54,72
1319;32,43;13,09;57,26
1321;15,60;8,41;39,09
1322;40,82;9,24;49,57
1323;18,94;9,20;37,58
1324;28,77;8,42;46,82
1325;22,97;8,83;46,35
1326;20,65;8,88;41,28
1327;17,44;6,02;53,36
1328;13,16;7,34;47,17
1329;41,47;12,88;51,24
1331;31,40;11,63;61,92
1332;37,59;12,40;49,43
1333;25,04;8,24;49,07
1334;18,73;6,33;40,63
1335;31,36;10,47;41,92
1336;29,56;8,00;72,61
1338;29,66;9,63;47,85
1339;19,93;9,03;46,40
1341;39,52;9,77;56,75
1343;37,81;11,95;46,53
1349;40,69;9,95;59,87
1351;41,87;9,64;43,50
1352;28,03;8,39;44,96
1353;29,37;10,09;46,00
1354;23,83;7,43;34,27
1355;30,05;9,64;49,19
1356;30,70;9,43;43,67
1357;28,95;8,80;57,56
1358;43,49;10,32;52,20
1359;36,78;11,84;60,55
1361;36,68;8,11;51,93
1362;39,01;10,83;54,78
1363;34,56;8,94;47,11
1381;23,57;9,42;60,95
1382;25,81;8,18;42,59
1383;24,52;7,86;52,96
1384;21,40;9,72;54,36
1391;28,12;9,50;56,41
1393;28,94;8,63;51,07
1394;24,46;11,60;59,58
1396;27,39;8,53;57,25
1398;26,91;8,25;55,29
1399;40,04;10,67;50,62
1401;31,14;10,36;34,27
1402;23,38;10,20;32,42
1403;30,84;9,66;46,54
1404;24,97;9,20;26,07
1405;35,98;10,24;32,09
1406;48,86;9,74;44,90
1411;48,93;9,78;42,73
1412;35,48;16,31;48,17
1421;22,71;8,51;35,08
1422;26,94;8,86;37,98
1423;22,97;9,20;36,70
1424;21,31;8,27;49,08
1426;23,04;9,29;47,85
1427;20,73;7,86;47,16
1428;17,05;7,83;57,23
1431;25,07;9,93;43,98
1432;24,18;9,97;41,81
1433;17,32;8,33;43,39
1435;20,40;8,91;54,64
1436;23,21;7,64;50,72
1437;21,43;6,78;58,91
1438;17,58;6,49;52,59
1441;26,52;8,92;33,34
1442;26,88;7,93;37,98
1443;30,49;8,68;37,51
1444;37,90;8,76;35,15
1445;35,96;7,86;44,98
1446;29,54;8,91;53,62
1447;38,55;10,35;44,38
1448;21,13;8,94;41,23
1451;19,31;8,52;63,08
1452;24,61;7,81;57,72
1454;22,59;8,31;53,21
1456;30,67;7,13;58,13
1458;25,86;7,29;58,59
1461;34,38;7,97;52,03
1462;26,60;7,95;52,51
1463;28,08;6,04;54,73
1464;30,58;6,67;55,29
1471;27,44;7,27;57,61
1472;28,23;7,10;57,41
1473;22,92;7,26;56,22
1474;22,81;7,69;56,38
1475;27,70;8,01;63,19
1476;17,61;7,77;62,23
1477;21,57;7,40;51,69
1481;28,67;6,05;56,55
1482;32,52;6,75;57,10
1483;20,35;8,29;48,38
1484;20,21;8,06;58,50
1485;22,96;7,29;54,54
1486;20,37;9,00;56,36
1487;18,06;8,03;51,03
1488;32,22;7,99;62,45
1489;23,17;8,54;62,57
1501;19,30;7,47;26,44
1502;28,41;7,10;29,24
1503;31,60;8,33;38,10
1504;29,20;8,26;43,32
1505;33,51;8,96;36,83
1506;21,68;8,28;33,56
1507;17,12;8,34;42,38
1508;36,52;6,92;39,46
1509;28,88;11,06;54,87
1511;31,44;10,27;51,77
1521;25,57;6,09;45,44
1525;31,64;9,60;46,61
1531;19,07;7,44;55,94
1534;13,09;7,72;57,49
1536;24,48;8,91;53,66
1541;24,35;9,69;49,31
1544;20,60;8,45;44,32
1546;19,25;8,81;61,29
1551;20,53;8,57;59,67
1561;22,16;7,68;37,53
1562;23,17;8,33;47,37
1566;24,84;9,68;57,96
1567;5,17;5,56;45,38
1601;36,39;7,87;47,32
1602;24,92;6,98;41,18
1606;24,17;7,61;54,75
1607;26,44;6,58;53,56
1608;25,40;6,80;58,72
1609;27,12;11,99;54,46
1611;35,69;7,77;40,30
1613;26,56;9,19;40,77
1614;32,78;9,11;51,30
1616;24,08;7,77;45,44
1617;25,02;6,34;59,66
1619;31,47;8,65;49,14
1621;37,65;7,41;36,32
1622;33,84;8,17;38,69
1623;30,17;8,45;36,50
1624;31,10;7,94;36,74
1625;31,10;8,67;36,81
1627;27,88;5,12;33,19
1628;24,85;8,64;32,80
1631;30,78;7,36;56,55
1633;26,83;7,96;52,37
1634;37,95;10,12;48,99
1636;22,28;6,88;54,60
1641;19,77;7,79;56,89
1642;26,52;7,57;61,40
1643;20,52;7,88;69,37
1645;25,89;7,98;53,67
1646;26,84;9,06;53,89
1647;29,06;8,24;52,26
1648;19,53;6,99;42,04
1652;22,36;6,45;59,73
1654;28,38;7,43;58,43
1655;21,87;7,48;57,33
1657;28,99;7,89;53,26
1658;34,90;6,41;51,78
1661;22,35;7,11;61,19
1662;15,82;7,71;57,53
1663;21,03;6,98;58,71
1671;21,06;7,86;48,29
1674;22,13;8,15;58,29
1676;29,42;8,15;58,17
1678;30,98;8,16;55,28
1679;24,75;7,80;57,58
1681;23,84;6,31;46,93
1682;23,14;9,10;48,37
1683;21,82;5,87;54,39
1684;23,98;6,69;56,90
1685;21,64;6,85;58,15
1686;20,45;5,85;63,24
1687;23,76;7,85;54,30
1688;21,88;7,73;55,76
1689;25,49;7,49;41,69
1691;23,95;7,99;56,88
1692;36,80;9,42;58,36
1693;27,40;8,76;49,36
1695;26,44;9,74;43,82
1696;21,02;7,87;56,82
1697;24,96;8,68;58,79
1701;32,93;8,75;44,71
1702;31,59;9,19;41,17
1703;25,70;7,97;48,48
1704;21,84;7,20;54,18
1705;11,45;7,61;44,36
1706;34,77;5,72;46,36
1711;24,40;7,75;59,73
1713;25,24;7,76;52,49
1715;19,75;7,35;56,32
1716;22,35;7,83;48,28
1718;23,82;7,89;56,30
1719;31,79;8,13;57,79
1721;25,37;8,03;44,04
1722;25,36;8,90;42,96
1723;32,25;8,04;39,31
1724;24,98;9,40;56,14
1731;26,34;7,78;58,69
1732;24,79;7,76;58,26
1733;29,57;7,89;51,02
1734;30,15;8,18;56,02
1735;25,78;7,80;52,74
1736;26,74;8,56;54,49
1738;27,30;7,71;57,68
1741;23,07;8,35;48,15
1742;25,20;9,84;50,63
1744;24,43;9,44;57,83
1746;28,34;8,01;59,72
1747;20,16;8,85;49,88
1749;27,82;8,39;53,18
1751;32,35;9,37;54,09
1752;31,17;9,93;54,61
1753;31,65;12,57;52,92
1754;25,37;9,91;60,07
1755;28,26;14,37;65,30
1756;27,12;9,59;54,70
1757;35,47;8,50;57,48
1759;26,72;18,31;64,90
1761;26,28;8,88;55,39
1764;21,34;8,82;55,20
1766;28,78;7,50;56,22
1767;28,22;8,45;55,20
1768;23,50;8,11;59,45
1769;27,87;8,90;59,73
1771;53,66;7,83;40,83
1773;31,28;8,34;44,79
1774;44,08;7,35;47,45
1775;36,49;7,01;50,94
1777;24,20;9,50;63,10
1778;28,43;9,52;60,48
1779;28,53;9,07;53,84
1781;21,28;7,27;44,30
1782;21,75;9,62;50,12
1783;49,59;10,72;58,19
1784;24,44;8,56;50,78
1785;32,35;8,18;40,83
1786;24,02;8,90;67,22
1787;29,54;11,03;54,02
1788;16,72;10,53;38,43
1789;22,03;12,49;73,76
1791;51,82;10,14;56,95
1792;26,17;11,47;64,41
1793;24,36;11,95;70,22
1794;23,88;11,81;66,86
1795;26,35;14,95;80,99
1796;45,24;12,51;69,17
1797;21,26;16,00;82,55
1811;27,74;6,91;22,79
1812;27,05;7,38;54,76
1813;32,59;7,39;37,38
1814;21,75;8,62;31,95
1815;41,59;9,13;33,15
1816;32,20;8,43;48,15
1817;31,15;8,96;56,42
1821;22,45;6,29;31,04
1822;25,53;7,60;44,71
1823;24,03;8,26;42,46
1824;30,87;9,73;33,22
1825;29,95;9,55;40,61
1826;30,17;10,06;34,07
1827;21,38;9,40;36,43
1829;23,68;9,54;46,21
1831;28,79;9,85;60,31
1832;52,49;9,55;59,88
1834;21,59;9,53;48,35
1841;32,26;6,93;50,11
1842;32,24;7,42;60,48
1843;20,54;7,48;54,38
1844;27,65;9,62;56,75
1846;25,49;6,91;60,82
1847;31,88;7,34;59,23
1851;42,60;9,11;45,79
1852;39,40;9,94;45,74
1853;19,47;8,34;54,09
1861;56,17;12,06;47,15
1862;33,02;10,14;61,94
1865;48,21;16,07;67,92
1871;60,08;9,75;48,47
1873;43,57;14,39;37,65
1901;57,27;10,22;53,65
1902;26,63;10,74;54,53
1906;23,54;10,31;56,83
1911;21,42;8,63;57,60
1921;20,88;8,65;58,28
1931;27,50;10,85;68,65
1934;29,66;10,77;69,95
1935;44,99;11,00;72,06
1941;16,42;6,59;24,88
1942;31,41;10,16;40,74
1943;40,44;9,92;45,83
1944;24,47;9,68;46,95
1945;23,89;8,91;39,50
1946;19,81;6,95;43,72
1947;18,29;7,80;48,41
1948;21,57;7,21;57,35
1949;30,07;14,72;58,66
1951;28,94;9,14;53,14
1961;20,80;7,93;29,21
1962;32,97;8,20;41,75
1963;24,83;9,41;42,15
1964;22,47;9,59;37,50
1965;18,08;9,35;41,47
1966;25,95;7,99;35,57
1967;23,65;9,03;62,12
1968;47,92;9,16;57,34
1969;53,27;11,67;57,83
1971;55,22;9,64;27,96
1972;42,75;11,52;35,69
1973;20,63;8,58;43,54
1974;17,50;13,74;72,38
1975;19,31;7,37;50,02
1976;13,18;17,41;69,40
1981;49,81;11,53;47,69
1985;40,72;10,03;41,03
1991;23,25;9,10;49,77
1992;9,50;7,29;35,95
2011;24,52;7,36;24,28
2012;38,81;9,91;33,09
2013;16,87;11,28;27,50
2014;20,38;9,67;35,23
2015;28,86;10,60;41,24
2019;11,53;10,33;21,33
2021;18,00;8,35;28,03
2022;13,42;8,42;39,49
2023;22,30;10,29;34,56
2024;24,33;9,30;39,40
2025;17,06;8,30;34,65
2026;23,21;9,42;48,18
2031;20,36;11,32;52,12
2032;15,91;7,35;25,57
2033;20,45;9,08;46,77
2034;29,34;9,75;43,36
2035;24,00;10,54;43,61
2036;28,80;9,56;39,99
2037;22,95;9,31;45,85
2041;30,70;10,37;66,70
2042;27,81;11,35;72,57
2051;42,17;11,09;62,64
2061;52,79;9,95;33,74
2063;17,28;7,36;68,48
2064;35,78;15,57;57,27
2065;32,27;12,11;55,25
2071;45,01;12,82;42,84
2082;45,89;10,16;39,11
2101;29,60;10,23;34,95
2102;24,97;10,77;40,76
2103;33,46;9,36;41,26
2104;54,67;8,58;34,90
2105;38,93;10,00;40,71
2106;23,93;10,42;45,44
2111;57,16;9,18;31,14
2114;43,50;11,34;51,88
2116;44,08;12,17;47,48
2121;37,09;9,96;38,55
2131;28,19;9,85;50,60
2132;23,09;7,88;50,27
2133;22,70;9,81;41,31
2134;12,83;8,50;48,00
2135;15,94;8,49;40,12
2136;22,74;11,78;64,22
2141;26,69;9,72;61,70
2142;31,88;10,55;54,89
2143;17,63;8,51;72,41
2144;18,93;12,40;61,17
2151;22,29;11,88;49,42
2152;15,78;7,68;49,88
2153;23,05;7,48;53,95
2154;25,94;9,28;49,84
2155;27,42;7,19;52,05
2156;22,39;8,01;53,41
2157;34,14;7,85;49,93
2158;31,92;8,61;44,68
2159;18,80;8,83;50,11
2161;37,87;9,75;42,70
2162;22,68;8,89;38,39
2163;18,92;7,77;31,01
2165;26,69;12,55;54,19
2171;23,59;8,78;37,46
2172;26,10;8,98;42,59
2181;19,49;8,35;45,87
2182;26,18;8,83;40,46
2191;33,06;11,50;55,95
2201;29,66;9,59;52,83
2202;21,85;13,52;59,29
2203;22,48;8,95;49,69
2204;34,06;11,06;63,59
2211;31,77;9,99;44,86
2212;32,48;8,90;42,77
2215;19,76;8,72;48,92
2216;13,83;4,37;45,59
2221;20,46;9,82;51,57
2222;22,53;8,41;37,26
2223;32,02;12,71;58,11
2224;23,53;10,72;56,97
2225;18,11;10,43;62,96
2231;15,45;8,22;45,99
2232;5,77;4,97;41,80
2235;18,79;8,37;54,98
2236;38,66;10,50;79,42
2241;29,00;10,23;48,39
2242;32,75;13,59;66,06
2243;51,54;12,57;38,29
2244;48,27;11,50;47,07
2245;54,89;9,62;41,63
2251;23,05;8,91;46,75
2252;36,37;10,86;45,16
2253;31,89;10,10;46,21
2254;40,35;10,04;40,00
2261;36,96;10,75;41,95
2262;30,95;7,32;42,36
2263;34,18;8,18;51,46
2264;25,34;10,61;40,41
2265;21,16;8,96;45,59
2266;32,31;9,49;60,46
2267;27,98;13,56;46,62
2271;28,57;11,87;39,61
2272;27,04;11,14;45,26
2273;22,44;8,63;46,13
2274;22,19;10,29;37,46
2275;26,97;11,11;43,15
2281;23,86;13,80;37,52
2282;29,86;10,17;38,30
2283;44,04;9,40;39,95
2284;32,18;9,57;45,44
2285;33,97;9,47;43,99
2286;24,62;8,99;52,03
2287;39,39;9,52;43,22
2288;38,92;9,07;41,52
2289;26,95;9,42;56,48
2291;17,27;8,34;43,70
2292;11,01;7,62;41,08
2295;14,93;8,58;49,79
2311;24,40;9,79;31,34
2312;19,73;6,94;27,12
2313;22,35;11,00;37,80
2314;23,93;9,30;43,86
2315;20,22;8,54;35,30
2316;20,05;8,25;39,27
2317;28,47;10,29;37,42
2318;25,29;10,66;40,91
2321;21,18;8,32;37,84
2322;38,42;10,69;52,47
2323;25,45;10,33;54,91
2324;30,12;9,24;42,36
2331;19,79;8,85;40,68
2332;27,33;9,12;41,16
2333;32,40;7,49;37,52
2334;43,77;9,15;34,68
2341;27,89;10,52;41,26
2342;35,12;8,19;46,12
2343;22,01;10,54;48,22
2351;22,30;8,97;56,30
2352;25,01;9,28;42,73
2353;23,95;8,86;48,53
2355;18,36;7,95;53,22
2361;34,92;10,04;50,51
2362;17,75;10,39;55,36
2371;16,35;8,27;47,00
2374;24,10;9,19;53,54
2375;17,70;7,78;55,42
2376;23,34;10,28;54,31
2377;21,89;8,44;39,14
2381;24,61;9,17;55,11
2382;27,30;7,84;48,66
2391;19,60;9,29;58,15
2394;24,86;8,63;54,72
2396;23,07;8,25;54,69
2401;25,36;8,79;46,38
2402;25,36;8,31;43,92
2403;34,94;8,87;51,15
2404;25,74;7,44;39,81
2405;19,00;7,78;35,20
2406;28,33;8,36;44,95
2407;21,52;8,14;57,39
2408;14,42;7,91;47,41
2409;18,57;10,14;66,39
2411;20,92;8,56;52,91
2412;8,66;4,39;51,42
2415;21,08;8,95;61,51
2421;25,13;12,32;64,50
2431;18,69;8,58;53,01
2432;28,57;8,13;58,06
2435;21,37;8,60;57,87
2441;23,63;7,82;60,94
2445;24,89;8,05;58,02
2451;20,04;9,36;53,16
2461;21,70;8,59;53,06
2465;19,85;10,04;54,90
2471;30,14;7,74;50,17
2481;22,66;9,84;53,77
2491;22,90;8,79;53,10
2492;11,51;8,94;59,15
2493;15,72;7,60;53,87
2495;24,96;11,57;59,24
2496;23,61;9,89;52,95
2497;15,09;7,47;53,38
2498;15,86;10,07;47,17
2511;18,44;6,98;23,04
2512;18,36;7,75;28,18
2513;20,93;8,63;29,07
2514;34,26;8,31;29,32
2515;19,59;7,88;29,16
2516;20,13;7,66;34,97
2517;39,06;9,71;33,43
2518;21,55;10,04;27,77
2521;17,82;7,56;36,20
2522;14,78;8,66;25,50
2523;14,33;8,08;35,76
2524;16,04;8,31;30,62
2525;15,82;8,33;30,02
2526;12,80;7,44;29,10
2531;28,29;8,82;36,20
2532;24,85;7,23;34,39
2533;37,21;8,38;49,59
2541;26,15;8,45;49,85
2542;27,70;8,45;41,78
2543;27,73;8,07;44,84
2544;36,46;9,31;40,50
2545;25,34;8,49;42,62
2546;15,70;10,67;32,82
2547;26,56;8,63;33,90
2548;12,20;7,56;40,51
2551;27,07;10,26;41,05
2552;29,14;9,95;38,27
2553;45,68;10,27;39,22
2554;30,03;13,19;59,02
2555;36,21;12,68;48,77
2561;15,00;10,27;21,79
2562;15,14;8,16;27,98
2563;20,23;9,73;29,20
2564;24,03;11,05;39,11
2565;28,81;10,55;37,30
2566;34,74;14,32;44,27
2571;18,61;7,74;32,22
2572;13,89;6,59;28,53
2573;15,19;9,31;31,54
2574;16,71;8,74;25,16
2581;18,90;9,28;32,71
2582;19,84;11,33;26,94
2583;22,60;13,44;56,40
2584;26,46;10,39;30,79
2585;48,52;11,56;29,53
2586;17,34;12,26;61,29
2587;35,01;11,41;35,69
2591;27,98;8,99;47,16
2592;33,38;8,72;46,05
2593;20,23;11,07;36,49
2594;55,06;9,08;29,64
2595;20,12;9,87;33,19
2596;37,20;10,07;34,23
2597;35,49;13,57;47,56
2611;26,87;8,91;27,61
2612;28,99;9,24;39,65
2613;25,07;10,18;38,13
2614;23,14;8,39;39,37
2616;48,29;9,95;44,31
2622;20,68;10,04;45,41
2623;29,97;11,49;49,56
2624;34,19;8,59;36,82
2625;36,57;9,51;42,88
2626;35,55;11,82;67,09
2627;38,24;11,93;46,77
2628;32,71;8,44;37,34
2629;31,60;11,01;58,92
2631;20,81;9,96;55,98
2632;12,34;7,77;48,23
2635;15,35;8,77;51,01
2636;21,77;9,02;65,48
2641;32,62;11,32;55,47
2642;15,41;8,55;51,97
2643;11,66;5,80;47,34
2645;29,55;10,52;55,75
2651;17,97;8,48;57,09
2652;7,99;6,29;50,41
2661;30,47;9,50;53,77
2662;7,86;6,21;53,60
2665;22,62;8,67;53,86
2671;19,51;8,96;42,92
2672;12,51;7,63;32,50
2673;9,31;6,40;34,49
2675;17,43;8,89;41,56
2676;19,19;7,53;45,26
2678;19,05;7,87;42,63
2681;19,92;10,36;58,94
2684;6,69;7,46;44,38
2685;15,49;8,15;41,24
2691;30,22;9,95;45,47
2692;13,17;8,17;31,81
2693;13,74;7,47;46,95
2694;6,93;6,26;34,43
2711;20,15;7,85;41,61
2712;24,27;9,09;43,56
2713;28,34;9,63;46,79
2715;31,04;9,68;47,55
2716;40,29;10,63;58,44
2717;28,19;11,11;60,15
2718;19,37;8,16;46,61
2719;22,71;9,88;48,39
2721;8,80;7,75;55,45
2722;32,34;9,56;49,39
2723;25,22;9,48;50,06
2724;25,07;10,38;45,07
2725;26,56;11,07;51,46
2726;26,33;10,94;47,38
2727;24,40;10,42;49,84
2728;14,04;8,43;58,53
2729;11,18;7,84;51,67
2731;21,35;14,11;76,77
2735;18,33;7,45;62,00
2741;24,25;8,99;49,36
2742;21,59;9,41;63,26
2743;16,54;7,82;41,41
2751;18,99;8,13;52,41
2752;11,97;8,01;52,18
2761;25,23;8,83;61,55
2771;17,43;10,52;50,62
2801;25,41;9,53;33,17
2802;18,15;7,11;36,66
2803;25,32;8,94;45,01
2804;30,61;9,51;39,19
2805;25,53;9,15;49,92
2806;23,71;9,33;41,90
2807;21,40;8,54;42,83
2808;19,46;9,02;54,30
2809;17,45;8,04;57,34
2811;22,96;10,35;52,53
2821;22,24;8,65;53,35
2825;23,93;9,25;51,52
2831;25,90;9,45;56,22
2841;20,31;8,05;58,82
2851;24,44;8,91;56,91
2855;20,65;8,73;53,06
2861;21,33;9,21;56,92
2865;16,39;10,35;51,31
2871;20,90;8,62;52,22
2872;7,17;4,29;46,61
2901;15,39;7,92;42,44
2902;29,03;8,62;44,33
2903;22,39;7,77;44,88
2904;23,21;8,83;45,59
2905;28,57;8,65;49,31
2906;21,30;8,03;40,09
2907;35,56;9,13;40,22
2908;26,28;8,23;39,93
2909;11,99;5,89;45,15
2911;25,22;10,85;56,69
2912;20,22;8,78;47,15
2913;29,70;8,50;53,08
2914;26,57;8,75;47,35
2921;26,33;10,08;38,84
2922;23,63;7,94;36,27
2923;24,55;9,28;40,88
2924;25,56;9,44;43,15
2925;28,70;9,74;47,53
2926;24,00;8,84;42,15
2931;29,10;11,95;50,75
2935;18,65;8,98;59,32
2941;28,85;10,08;57,13
2951;19,27;8,07;36,92
2952;29,89;7,31;44,53
2953;24,50;8,44;48,53
2954;21,71;8,36;57,89
2957;18,92;7,71;52,31
2959;21,43;8,83;59,43
2961;16,84;8,19;71,13
2964;23,01;9,28;57,79
2965;19,13;8,27;50,50
2967;23,39;7,81;64,87
2968;17,52;7,47;69,30
2969;32,41;8,58;56,13
2971;22,81;7,56;58,14
2973;26,84;7,43;54,39
2974;20,26;7,58;57,79
2975;23,52;6,92;60,32
2977;25,93;8,46;59,96
2981;25,86;8,30;40,55
2982;32,82;8,39;46,60
2983;30,11;8,49;46,31
2984;31,35;8,81;40,03
2985;30,75;8,72;33,07
2986;32,42;9,32;41,81
2987;32,91;7,56;47,35
2988;26,49;9,47;57,98
2989;29,69;10,32;57,37
2991;25,97;8,95;50,00
2992;22,69;10,13;49,94
2993;19,48;11,56;51,00
2994;8,38;6,84;55,38
2995;25,06;13,08;55,41
3011;22,82;6,18;23,80
3012;23,20;6,66;23,43
3013;12,95;4,19;23,02
3014;21,41;7,74;25,91
3015;24,98;7,73;36,23
3016;41,27;7,94;37,43
3021;24,09;9,12;29,18
3022;25,49;9,14;36,37
3023;25,06;8,46;30,27
3024;17,25;6,41;34,32
3025;17,17;6,88;26,57
3026;23,45;7,05;28,75
3027;23,03;7,10;30,89
3028;24,60;8,40;42,08
3029;17,81;6,84;43,06
3031;30,06;7,79;32,96
3032;23,28;7,24;29,67
3033;25,42;8,96;26,74
3034;33,54;9,08;38,15
3035;19,93;8,05;24,70
3036;23,54;7,40;28,25
3037;24,46;8,88;28,15
3038;25,53;9,18;29,54
3039;29,55;10,08;39,65
3041;31,64;11,22;42,88
3042;28,89;8,71;37,31
3043;25,93;11,14;45,31
3044;22,71;7,82;34,94
3045;33,05;9,22;60,01
3046;38,03;8,76;68,59
3047;32,77;11,18;57,20
3051;18,27;9,89;29,43
3052;29,93;8,95;43,14
3053;31,87;10,21;48,89
3054;27,18;9,84;42,75
3055;31,04;10,94;40,07
3056;23,37;9,40;54,81
3059;11,11;7,99;49,40
3061;22,20;8,14;31,84
3062;48,22;9,06;39,69
3063;30,56;10,04;49,32
3064;24,27;9,30;42,51
3065;21,14;10,54;41,15
3066;26,87;8,78;45,56
3067;28,10;8,66;38,11
3068;30,20;8,89;38,88
3069;29,96;9,71;45,37
3071;18,78;7,45;32,95
3072;18,36;6,97;32,76
3073;21,18;7,27;25,73
3074;26,71;6,51;30,69
3075;28,37;9,66;36,99
3076;26,64;8,25;42,45
3077;31,65;7,60;36,81
3078;38,51;7,19;44,89
3079;29,34;8,80;44,21
3081;28,61;6,43;29,62
3082;28,33;7,89;33,85
3083;25,31;7,74;27,93
3084;38,92;8,90;44,97
3085;26,54;8,03;44,45
3086;26,17;7,68;41,40
3087;24,12;4,80;45,30
3088;21,34;6,76;37,31
3089;26,15;5,72;38,18
3111;23,35;7,46;25,90
3112;18,76;8,04;31,26
3113;19,03;6,36;47,95
3114;23,50;6,82;37,21
3115;28,03;8,47;39,90
3116;29,61;10,08;38,05
3117;18,73;9,30;38,44
3118;28,06;7,69;46,19
3119;25,51;7,39;40,31
3121;34,52;9,26;46,72
3122;28,10;6,72;50,70
3123;21,31;9,56;56,42
3124;22,51;9,04;57,99
3125;24,80;10,61;49,13
3131;21,31;8,26;34,09
3132;32,07;9,60;50,40
3133;39,09;10,00;55,03
3134;22,53;8,28;37,17
3135;20,03;9,52;42,11
3136;32,05;8,75;40,76
3137;28,20;10,19;50,74
3138;40,78;13,78;55,82
3141;28,96;9,24;49,92
3142;25,22;8,39;37,21
3143;37,50;10,47;50,42
3144;14,95;7,07;44,19
3145;19,84;8,73;42,31
3146;20,98;9,02;50,28
3147;15,83;6,09;50,51
3151;25,43;13,57;57,88
3155;23,33;9,22;63,83
3161;30,63;12,02;53,25
3162;7,70;6,58;42,32
3165;34,71;5,27;48,91
3171;21,67;9,86;46,09
3172;35,26;10,00;59,49
3176;53,17;9,33;36,19
3181;33,43;11,27;52,27
3191;27,84;8,32;38,71
3192;30,99;10,62;41,97
3193;44,00;7,56;41,90
3194;34,27;6,80;47,47
3195;32,42;8,77;51,34
3196;18,06;6,73;43,41
3197;28,27;5,87;49,73
3198;22,80;9,58;62,25
3199;18,75;11,44;58,60
3201;23,90;7,99;38,41
3202;41,67;8,47;44,83
3203;27,79;7,57;36,99
3204;24,37;8,97;33,54
3205;27,74;8,80;54,01
3206;24,40;7,92;30,54
3207;22,17;13,09;53,18
3208;39,51;9,44;38,52
3209;21,69;8,26;57,91
3211;33,29;9,13;57,95
3212;35,18;10,60;63,34
3214;23,05;9,34;70,10
3216;26,59;8,33;59,42
3218;33,88;8,01;52,66
3221;27,42;14,66;53,11
3222;28,41;11,50;57,90
3223;25,30;9,52;51,02
3224;27,43;9,45;44,78
3225;31,35;9,21;44,90
3227;26,92;9,48;61,34
3231;33,61;9,26;52,89
3232;20,88;8,98;49,04
3233;39,00;15,60;53,79
3234;25,59;9,66;61,27
3235;40,59;15,30;52,94
3237;24,65;8,55;61,49
3238;34,30;8,96;60,66
3241;29,50;9,58;57,10
3243;26,36;7,75;63,47
3244;29,41;11,77;58,39
3245;25,08;8,79;61,03
3247;25,69;13,83;74,88
3248;29,38;15,12;62,85
3249;24,59;12,47;66,71
3251;28,31;21,81;60,12
3252;30,93;20,34;67,98
3253;27,75;17,36;61,55
3255;29,08;9,29;60,53
3256;25,63;8,50;58,95
3257;34,33;16,10;63,42
3258;28,83;10,02;61,95
3261;18,58;8,74;50,72
3262;22,41;8,82;48,48
3263;24,83;8,94;42,67
3264;22,20;8,36;54,85
3265;22,45;8,28;58,91
3267;25,50;8,28;79,25
3271;27,06;9,98;53,95
3273;21,00;9,55;58,17
3274;30,90;11,78;52,67
3281;32,27;9,49;58,60
3284;31,71;9,98;70,20
3286;24,72;8,07;60,38
3291;24,26;9,13;66,22
3292;30,48;12,87;65,03
3293;30,29;9,72;54,74
3295;26,25;10,78;53,90
3297;26,93;12,17;50,44
3299;27,27;9,27;56,56
3311;26,30;8,74;28,49
3312;29,73;9,44;47,58
3313;32,48;14,40;58,29
3314;23,37;8,40;36,49
3315;21,87;9,06;43,67
3316;30,52;8,02;47,69
3317;29,06;8,75;42,34
3318;27,56;8,34;40,27
3319;28,70;9,18;43,36
3328;30,77;9,42;44,50
3329;31,65;12,34;66,29
3331;22,34;8,21;35,31
3332;21,71;8,55;43,40
3333;27,76;7,28;39,53
3334;28,53;7,95;46,28
3335;34,45;10,06;48,35
3336;27,38;14,99;51,70
3341;24,75;9,94;46,16
3342;23,11;10,08;54,88
3343;25,00;9,09;42,44
3344;8,92;7,27;39,41
3351;20,93;7,65;45,31
3352;21,48;9,04;48,97
3353;19,54;7,98;38,83
3354;27,04;9,48;43,29
3355;16,37;8,41;41,75
3356;32,26;8,89;45,28
3361;19,52;9,28;38,40
3362;21,27;8,81;38,78
3363;24,68;8,97;44,54
3364;22,54;7,41;58,44
3366;31,28;8,40;61,44
3371;21,28;9,53;47,04
3372;21,02;10,02;56,82
3373;24,00;7,52;66,57
3381;23,06;8,59;61,14
3401;22,89;9,51;51,46
3402;32,01;9,22;51,09
3403;26,47;8,64;60,76
3404;13,30;8,11;43,96
3405;19,35;7,89;59,84
3411;23,56;8,69;59,83
3412;27,13;8,74;59,58
3413;20,82;6,15;62,89
3415;23,01;8,19;55,46
3417;18,79;8,19;57,08
3421;21,34;8,49;54,05
3425;19,89;8,84;61,73
3431;26,68;8,44;37,64
3432;36,58;9,41;43,23
3433;31,28;8,66;51,57
3434;34,35;9,58;44,29
3435;27,14;10,18;42,70
3436;31,46;9,39;36,32
3437;26,99;9,48;46,21
3438;29,83;9,16;46,34
3439;31,27;8,31;50,92
3441;32,63;6,38;29,80
3442;19,71;7,63;33,51
3443;24,53;8,14;48,76
3444;29,58;7,92;59,20
3445;19,94;8,59;48,35
3446;16,38;8,76;49,88
3447;22,53;7,67;32,93
3448;25,75;8,97;48,47
3449;21,14;7,99;48,96
3451;22,00;9,70;52,92
3452;7,73;6,94;41,21
3453;14,00;8,08;49,87
3454;24,65;8,76;43,17
3455;38,51;8,22;62,11
3461;32,54;8,96;51,95
3464;17,39;8,09;51,37
3465;16,23;8,28;57,47
3466;20,91;9,07;51,61
3467;18,42;8,83;62,64
3471;20,94;9,13;51,73
3474;19,59;8,11;53,54
3481;24,24;9,01;54,30
3511;27,23;6,74;27,66
3512;34,11;7,89;28,92
3513;17,42;8,34;30,76
3514;22,62;10,09;35,09
3515;20,78;9,47;33,69
3521;15,74;8,56;31,47
3522;16,82;8,82;27,86
3523;25,33;8,91;40,23
3524;34,03;10,08;42,47
3525;26,56;9,00;35,97
3526;29,92;7,85;35,92
3527;22,94;7,29;34,76
3528;24,11;9,12;51,79
3531;20,41;7,95;24,23
3532;19,40;8,14;31,72
3533;26,69;9,83;36,52
3534;21,74;8,85;34,67
3541;17,96;5,14;42,27
3542;28,28;8,43;40,33
3543;13,66;7,33;47,82
3544;15,38;8,42;41,95
3545;31,48;9,20;55,63
3546;25,10;9,51;65,18
3551;21,73;8,49;29,45
3552;27,47;7,34;31,32
3553;26,86;8,69;28,76
3554;22,38;7,20;37,55
3555;24,08;7,71;43,63
3561;26,12;8,09;38,69
3562;30,85;7,59;38,86
3563;32,57;8,79;37,62
3564;30,27;8,23;39,44
3565;42,77;8,02;41,41
3566;34,21;10,31;54,78
3571;22,73;10,91;38,19
3572;25,49;9,92;33,17
3573;31,45;9,70;44,83
3581;31,31;8,87;32,80
3582;31,66;8,73;36,95
3583;29,36;10,52;33,82
3584;32,91;9,59;45,40
3585;41,55;10,24;55,72
3601;26,29;10,96;51,17
3602;32,38;9,71;47,72
3603;28,39;9,32;45,91
3604;23,89;8,84;43,49
3605;21,89;8,64;33,35
3606;29,36;8,75;34,85
3607;23,54;9,58;35,21
3608;34,71;9,78;31,69
3611;38,44;10,90;48,20
3612;28,47;12,78;56,24
3615;25,71;12,64;66,47
3621;29,87;9,54;45,48
3625;28,49;16,18;53,25
3626;19,81;9,63;54,90
3628;18,94;9,25;53,77
3631;39,09;8,72;50,77
3632;31,23;9,41;55,31
3633;26,89;10,16;55,44
3634;23,69;8,34;51,08
3641;23,66;8,47;50,29
3642;22,23;8,88;48,68
3643;21,00;8,47;54,66
3645;20,28;10,45;47,03
3646;22,32;8,07;65,60
3648;23,32;8,78;53,51
3651;25,79;11,80;56,76
3652;27,71;9,93;43,31
3653;14,95;6,79;55,85
3701;41,34;8,66;31,28
3702;25,44;9,06;35,32
3703;38,93;9,25;44,70
3704;34,89;9,54;41,24
3705;47,05;8,63;31,77
3706;58,23;9,88;24,36
3707;60,71;8,63;29,79
3708;56,73;8,00;30,53
3709;45,97;10,43;46,29
3711;58,09;9,40;31,38
3712;56,82;8,72;37,50
3721;38,50;9,11;38,43
3722;53,05;8,37;30,77
3723;59,93;8,37;29,62
3731;33,54;10,81;47,97
3732;54,72;8,55;39,91
3734;58,61;9,00;36,61
3735;64,77;7,81;25,07
3737;46,09;10,32;47,54
3738;40,53;8,56;48,71
3739;54,77;9,52;47,48
3741;29,24;9,03;52,45
3742;25,41;9,68;45,42
3743;51,92;9,27;34,35
3744;60,58;8,38;32,87
3749;61,99;7,74;31,33
3751;19,52;7,42;60,50
3752;22,76;8,08;57,24
3754;16,72;6,93;68,12
3755;35,40;9,51;60,28
3761;31,61;10,20;47,54
3762;31,10;9,24;40,85
3763;44,43;8,46;52,80
3764;27,90;9,22;59,24
3765;30,74;9,26;47,91
3766;53,82;8,50;37,41
3768;56,93;8,69;43,24
3769;48,06;9,42;36,36
3771;36,80;7,99;47,70
3772;29,01;7,51;42,50
3773;21,04;9,10;42,97
3774;37,35;7,07;54,94
3775;65,66;7,72;31,23
3776;55,51;7,98;35,75
3781;44,52;8,92;45,45
3784;44,05;8,57;48,04
3785;27,05;11,45;60,23
3791;29,40;8,51;62,39
3792;41,25;6,80;49,86
3794;37,69;7,56;51,36
3811;24,82;7,99;35,76
3812;22,92;8,65;39,31
3813;22,90;9,77;43,28
3814;18,23;8,21;42,69
3815;29,33;9,78;45,07
3816;27,68;10,14;49,72
3817;42,55;9,94;39,02
3818;48,42;9,69;40,84
3819;61,06;8,45;31,56
3821;30,92;9,11;43,74
3822;29,89;10,11;52,84
3823;15,45;9,74;44,47
3824;16,53;8,91;48,11
3825;15,13;8,59;56,61
3826;17,14;7,13;50,98
3828;27,14;9,40;57,62
3829;15,82;8,94;53,38
3831;40,74;9,97;41,51
3832;49,63;9,98;42,72
3833;29,86;9,41;44,25
3834;22,40;9,50;35,11
3835;27,48;9,35;65,21
3836;42,57;8,88;53,91
3841;19,83;7,76;35,69
3842;25,54;7,40;34,81
3843;40,20;9,33;36,74
3844;30,12;8,85;39,98
3845;51,16;8,06;40,09
3846;18,13;8,31;39,65
3847;61,46;8,27;32,47
3848;23,93;9,99;41,86
3849;45,00;8,34;53,36
3851;49,25;8,56;39,12
3852;64,60;8,13;36,08
3853;43,31;8,65;46,16
3861;22,79;8,26;59,69
3862;42,57;9,21;50,29
3863;15,82;9,16;51,75
3864;21,23;8,94;65,49
3871;31,22;9,72;51,92
3881;60,87;8,24;31,86
3882;41,67;8,67;52,33
3886;62,68;7,93;32,33
3888;58,68;8,10;40,89
3891;25,17;7,88;45,51
3892;29,55;9,09;44,63
3893;20,64;9,35;49,87
3894;22,92;9,88;53,19
3895;3,71;4,62;72,54
3896;47,33;11,51;47,92
3897;38,03;10,67;57,37
3898;46,85;10,77;48,68
3899;28,25;6,83;50,22
3901;24,11;7,87;39,89
3902;26,44;10,17;51,12
3903;22,65;7,71;38,54
3904;30,12;9,09;41,62
3905;25,28;8,00;43,87
3906;31,31;8,98;45,83
3907;16,15;6,98;47,22
3911;52,46;8,58;41,97
3912;57,79;8,95;28,31
3921;59,34;8,67;43,64
3922;53,67;10,61;46,26
3925;44,10;7,74;39,36
3927;39,81;8,16;44,78
3931;50,41;8,50;38,39
3941;62,31;7,96;29,76
3945;19,64;8,40;55,24
3947;37,55;12,79;51,75
3951;60,26;8,25;33,11
3953;58,02;8,03;38,96
3956;58,52;8,61;36,07
3958;53,64;10,23;44,79
3959;54,12;8,44;41,02
3961;26,73;9,07;54,19
3962;23,16;9,94;53,07
3971;64,13;7,51;28,67
3972;41,52;10,82;48,64
3981;39,16;10,18;48,41
3984;23,39;9,70;54,37
3985;34,12;8,62;52,65
3989;20,93;9,98;72,64
3991;16,59;8,79;51,94
3992;26,28;9,03;54,71
3993;21,93;9,28;48,67
3994;19,03;9,58;55,87
3995;14,70;7,13;32,47
3997;25,24;6,77;58,76
3998;25,64;7,68;65,60
3999;26,77;9,33;70,53
4001;21,79;8,71;42,83
4002;28,58;10,68;45,90
4003;22,46;9,50;51,46
4004;16,93;8,67;52,69
4005;21,99;8,32;54,07
4006;25,12;8,89;54,80
4007;12,81;9,35;52,87
4011;36,29;8,72;60,39
4012;26,27;9,11;58,49
4013;27,37;8,82;58,98
4014;20,91;7,36;62,96
4016;26,12;9,47;61,20
4017;25,52;9,69;60,64
4021;24,11;8,56;61,32
4023;32,28;8,86;61,88
4024;23,12;7,28;61,89
4031;22,92;7,32;62,54
4032;27,30;7,80;61,74
4033;21,03;8,38;57,91
4041;19,07;7,82;56,35
4043;19,64;7,83;50,76
4051;19,76;8,18;60,27
4053;20,84;7,64;64,70
4054;21,98;8,18;61,11
4061;26,94;7,58;59,57
4062;29,97;8,56;54,75
4063;28,70;10,62;67,64
4064;28,59;9,39;61,21
4101;27,11;10,34;55,66
4102;21,33;8,66;51,51
4103;22,03;9,98;58,35
4104;25,90;6,55;45,77
4105;16,80;8,86;54,13
4106;23,09;8,64;60,70
4107;29,32;13,33;63,25
4111;22,57;9,16;68,27
4112;25,27;9,93;61,83
4115;23,88;8,32;63,85
4116;31,42;7,81;58,67
4117;22,56;9,05;60,55
4119;25,41;7,63;67,10
4121;24,69;9,99;68,58
4122;27,80;10,20;62,36
4124;29,13;10,04;65,36
4125;19,40;5,07;43,59
4126;24,90;8,55;63,08
4128;27,00;9,29;62,81
4131;35,85;10,46;55,70
4132;22,34;9,64;47,64
4133;31,64;9,91;56,40
4141;20,46;9,37;47,67
4142;22,30;7,42;49,77
4143;24,54;8,85;57,93
4145;29,70;9,34;61,85
4147;26,98;9,74;52,88
4151;30,58;9,55;62,46
4152;33,26;9,92;55,21
4153;37,87;9,45;54,06
4155;33,97;8,60;61,84
4156;27,51;8,61;59,93
4157;25,94;8,21;62,90
4158;24,82;6,74;58,94
4161;39,39;11,14;48,18
4163;23,96;10,95;65,81
4171;31,15;9,17;56,57
4174;20,89;7,68;65,01
4175;28,24;10,63;52,33
4176;23,69;7,92;61,29
4181;26,42;9,21;57,73
4182;32,99;7,94;57,63
4184;28,13;8,71;58,63
4185;22,15;8,59;58,25
4191;22,62;8,77;53,22
4194;17,74;7,93;56,66
4196;25,31;10,61;63,93
4197;25,01;8,21;63,07
4201;25,98;10,08;45,20
4202;31,13;11,64;46,58
4203;20,92;9,12;45,54
4204;28,57;9,13;46,61
4205;24,79;9,37;52,38
4206;23,18;7,87;41,60
4207;21,28;9,56;47,89
4208;23,01;6,84;47,84
4209;23,93;10,61;56,12
4211;30,07;12,49;52,62
4212;30,45;10,36;71,45
4213;26,28;12,04;54,68
4214;35,34;10,18;55,99
4221;22,68;8,00;60,37
4223;22,31;8,68;59,75
4225;24,90;7,62;64,64
4231;24,59;9,58;61,44
4233;22,94;9,44;60,47
4235;20,48;7,81;73,57
4241;25,75;9,39;55,09
4243;27,34;8,04;58,62
4245;21,17;7,28;65,05
4247;29,51;9,68;60,85
4251;28,68;11,81;59,64
4254;25,69;11,37;57,96
4255;21,52;9,64;57,18
4261;21,71;8,55;62,42
4264;19,73;8,64;56,71
4265;28,48;9,61;57,10
4266;22,17;8,01;69,54
4267;27,25;8,22;64,95
4268;25,47;9,20;62,95
4269;36,14;10,78;60,48
4271;26,84;9,60;63,62
4273;32,28;11,76;56,98
4281;24,96;9,43;60,47
4283;31,42;7,93;54,81
4284;27,80;9,62;59,68
4285;25,44;9,60;63,61
4286;25,74;9,65;62,29
4287;20,25;8,05;62,58
4288;27,42;12,07;65,29
4301;21,39;9,03;57,35
4302;9,86;9,63;55,66
4303;12,95;9,07;53,24
4305;44,09;10,52;52,76
4306;19,90;9,31;58,93
4307;25,12;8,36;56,85
4308;23,42;9,08;58,13
4311;27,68;12,24;59,86
4315;27,41;10,59;59,36
4316;22,22;14,40;67,85
4317;44,46;9,60;45,70
4318;21,41;12,97;59,77
4321;19,61;9,77;65,95
4322;21,08;13,12;58,48
4323;26,34;11,66;64,95
4325;34,07;12,79;56,60
4326;21,93;13,43;66,55
4327;45,49;12,87;59,51
4328;36,03;12,09;63,25
4331;30,75;8,99;29,90
4332;22,71;9,12;54,89
4333;22,67;10,40;54,64
4334;23,21;11,11;45,93
4335;30,33;9,63;43,40
4336;23,26;8,69;43,75
4337;20,80;8,34;51,75
4338;19,07;8,17;46,81
4339;26,01;9,11;62,42
4341;34,49;8,98;54,59
4351;40,64;10,14;47,50
4352;26,86;10,40;56,31
4353;22,83;10,01;58,01
4354;24,52;16,22;61,10
4356;41,77;12,49;49,73
4357;37,25;12,31;50,87
4361;27,44;14,77;55,28
4363;24,24;10,11;58,58
4364;23,41;9,68;58,22
4365;21,92;9,87;57,49
4371;26,08;13,24;56,87
4373;34,42;14,70;56,00
4374;21,61;14,17;57,76
4381;13,26;7,02;34,34
4382;22,82;9,86;47,95
4383;24,70;8,99;52,71
4384;28,13;11,31;51,23
4385;18,56;9,36;47,52
4386;19,40;10,25;50,54
4387;18,55;10,10;53,36
4388;24,15;8,76;45,09
4389;32,48;9,77;61,53
4401;21,18;8,52;59,88
4411;32,80;11,38;67,28
4413;14,64;7,72;58,23
4414;16,77;9,06;73,51
4415;12,29;6,62;63,80
4416;26,83;7,86;58,25
4417;23,86;8,75;60,44
4421;20,00;8,35;55,77
4423;19,96;8,03;64,01
4424;20,65;9,12;52,50
4431;23,46;7,36;55,65
4433;14,96;9,71;64,48
4434;22,42;7,87;65,00
4435;20,81;8,63;67,24
4436;24,78;9,04;67,82
4437;23,12;8,08;75,42
4438;22,54;9,11;65,35
4441;23,17;9,54;65,48
4443;22,79;8,99;63,94
4444;19,71;9,32;66,10
4451;23,47;8,74;59,47
4453;24,03;8,19;64,98
4454;30,35;12,03;65,54
4455;27,84;8,75;63,52
4456;24,32;8,04;61,29
4458;33,87;9,59;56,94
4461;24,38;8,55;34,63
4462;26,68;8,03;49,18
4463;28,10;9,20;43,34
4464;24,37;9,52;40,81
4465;18,90;9,34;61,95
4471;33,39;10,05;57,25
4472;24,93;10,23;55,39
4474;19,60;8,70;57,10
4475;29,03;10,45;54,37
4481;24,54;8,65;55,80
4482;32,11;8,93;63,10
4484;30,93;8,51;54,83
4485;25,39;8,72;56,63
4486;23,13;9,13;60,48
4491;29,14;9,16;60,65
4493;39,49;13,60;54,73
4494;26,98;7,94;52,96
4501;23,43;8,82;61,84
4503;25,14;10,66;63,69
4504;19,57;11,18;65,59
4505;23,82;7,40;63,22
4506;24,76;11,84;63,34
4507;25,17;7,62;60,92
4508;28,73;8,38;64,40
4511;21,91;8,98;63,20
4513;29,27;8,07;64,41
4515;29,49;9,72;62,26
4521;28,41;15,91;64,04
4522;28,21;8,06;65,27
4524;28,85;7,67;60,11
4525;21,00;11,70;64,04
4527;27,78;10,16;61,08
4528;36,60;9,23;60,82
4529;25,31;7,48;65,62
4531;22,93;6,97;42,79
4532;26,80;8,35;45,48
4533;20,03;8,04;53,56
4535;27,09;9,55;42,26
4536;24,60;6,99;39,04
4537;23,62;8,14;41,07
4538;25,45;9,74;56,86
4539;28,24;16,03;59,67
4541;28,88;8,83;59,35
4542;34,63;9,88;60,10
4543;30,38;8,74;61,62
4551;33,68;9,27;51,82
4553;46,32;8,49;57,65
4554;31,60;11,29;64,11
4561;39,66;8,76;50,76
4562;19,59;9,65;52,14
4564;27,60;8,71;55,38
4565;54,44;8,26;45,26
4566;36,93;8,47;56,47
4567;50,50;7,39;46,86
4568;33,77;8,68;85,35
4569;30,10;6,83;59,78
4571;39,47;9,85;56,10
4574;43,35;8,22;56,27
4575;41,18;8,90;58,01
4576;45,75;8,80;51,55
4581;27,82;10,31;59,77
4583;24,43;8,14;67,05
4584;30,10;7,92;64,19
4585;26,78;7,93;60,94
4586;26,97;8,60;59,00
4587;20,19;6,55;62,21
4588;25,36;9,27;69,00
4589;23,63;9,12;66,36
4611;30,37;6,95;30,06
4612;27,15;12,61;62,15
4613;25,37;9,34;42,81
4614;43,72;8,66;49,58
4615;25,54;8,27;42,90
4616;13,26;10,11;66,07
4617;21,50;10,40;55,25
4621;21,57;7,01;28,60
4622;54,87;8,03;47,61
4623;58,37;8,30;32,42
4624;66,04;6,83;30,21
4625;53,26;7,92;37,94
4631;55,86;8,22;46,37
4634;26,96;10,44;73,65
4635;61,68;8,16;33,40
4641;62,46;7,61;39,26
4645;67,47;7,13;28,77
4651;37,56;8,99;55,00
4652;9,16;6,99;54,84
4655;34,36;13,18;61,43
4661;45,68;8,25;45,66
4664;35,67;8,20;57,47
4671;27,68;10,76;65,73
4675;30,11;11,56;65,84
4681;28,68;7,86;62,19
4691;24,00;10,02;56,78
4693;22,05;8,04;65,02
4694;24,88;8,95;62,54
4695;27,73;9,50;59,68
4696;20,90;8,90;59,37
4697;22,74;7,88;56,56
4698;25,93;8,99;64,50
4701;29,04;7,53;28,34
4702;27,62;7,71;31,52
4703;33,14;8,06;50,40
4704;21,18;7,56;44,13
4705;29,51;7,99;41,20
4706;30,50;8,92;37,96
4707;40,44;8,40;38,76
4708;24,35;9,45;45,09
4709;47,06;8,80;41,85
4711;23,46;7,93;40,44
4714;36,00;9,38;49,75
4715;57,09;7,48;34,47
4721;58,27;7,36;32,83
4722;43,12;7,57;45,94
4724;25,48;9,25;51,42
4725;60,64;7,35;40,75
4726;39,05;8,12;51,81
4727;42,97;9,40;53,99
4731;25,94;8,83;48,46
4735;36,61;8,40;45,18
4741;34,73;9,01;50,40
4744;56,21;8,27;36,27
4751;31,26;8,33;53,22
4754;30,42;8,71;53,43
4756;23,51;8,98;59,48
4758;31,72;8,96;54,16
4759;22,08;8,29;53,41
4761;30,84;8,64;46,19
4762;20,02;7,93;48,89
4765;16,41;7,90;54,45
4766;23,43;5,42;47,84
4771;30,06;8,09;48,95
4772;35,52;9,23;50,69
4781;31,76;11,06;60,84
4782;40,51;9,50;46,79
4791;40,80;9,20;45,82
4793;26,07;7,55;51,31
4794;30,07;9,79;56,48
4796;35,03;8,84;51,81
4797;37,94;9,15;52,32
4811;28,23;6,91;27,42
4812;25,01;7,53;33,32
4813;28,64;8,43;32,20
4814;21,21;8,51;37,87
4815;22,08;9,26;38,67
4816;24,76;9,72;36,30
4817;27,22;8,64;39,67
4818;25,93;9,03;31,51
4819;25,65;8,86;36,67
4822;39,28;8,59;35,50
4823;33,90;10,01;49,71
4824;31,02;9,72;36,87
4825;48,12;8,17;42,26
4826;29,06;7,61;37,46
4827;25,12;6,69;41,78
4834;34,09;8,81;40,96
4835;28,79;9,16;25,66
4836;56,92;7,92;38,20
4837;39,18;9,15;44,95
4838;45,79;7,53;50,29
4839;56,41;7,69;38,96
4841;33,26;9,68;51,27
4844;33,18;8,91;50,60
4845;25,54;9,03;51,89
4847;42,62;8,61;46,49
4849;56,05;8,82;32,90
4851;41,97;9,01;38,04
4854;39,96;8,74;45,63
4855;49,22;7,86;39,95
4856;52,64;8,26;41,99
4858;62,27;7,06;32,74
4859;53,84;7,33;39,56
4861;48,75;8,28;40,00
4871;25,85;8,35;43,40
4872;27,02;8,35;42,19
4873;40,24;8,75;48,07
4874;31,44;11,09;58,61
4875;27,34;9,21;29,38
4876;40,69;8,79;43,41
4877;28,61;9,40;36,04
4878;16,22;6,55;45,09
4879;25,37;8,77;43,84
4881;42,27;8,96;42,35
4882;53,35;7,56;40,51
4884;37,74;8,38;47,04
4885;50,07;9,00;45,92
4891;49,25;7,80;46,24
4901;28,16;7,91;35,87
4902;32,33;7,59;37,48
4903;55,46;9,05;35,16
4904;55,01;8,30;29,46
4905;34,73;7,66;45,35
4906;25,96;6,99;44,01
4907;26,84;8,33;30,94
4908;31,38;7,95;40,44
4909;36,00;7,79;49,98
4911;50,50;8,64;45,18
4921;26,18;8,27;42,31
4924;31,60;14,10;59,38
4926;26,76;9,45;56,38
4927;28,15;9,59;55,62
4931;30,38;8,78;53,74
4941;29,47;8,83;44,51
4942;21,14;10,79;48,89
4944;28,15;8,34;53,83
5011;41,06;8,07;41,11
5012;41,78;7,36;42,92
5013;28,62;6,23;36,70
5014;18,01;6,41;19,81
5015;36,60;7,87;36,21
5017;25,18;7,97;24,43
5018;47,94;8,04;40,57
5021;30,91;6,05;22,48
5022;41,82;7,10;34,51
5025;33,81;6,56;24,04
5026;36,28;6,65;40,41
5032;52,50;7,82;39,92
5035;19,12;7,04;41,00
5036;58,42;7,25;34,19
5037;44,71;7,13;27,14
5038;26,88;6,95;25,12
5041;24,15;7,36;21,95
5042;41,76;6,51;28,40
5043;30,59;7,30;25,91
5044;56,04;7,07;30,30
5045;28,05;8,60;41,53
5046;27,04;6,62;25,79
5047;43,46;7,81;43,04
5048;49,76;8,93;45,08
5049;51,63;8,52;35,24
5051;55,03;7,16;35,34
5052;39,28;6,94;31,75
5053;46,44;7,57;37,00
5056;36,32;8,55;43,16
5057;31,59;5,39;32,73
5059;52,62;7,58;42,78
5061;27,41;7,47;33,34
5062;53,76;9,26;32,80
5063;29,82;7,12;42,84
5066;50,94;7,82;39,71
5071;49,37;10,11;38,38
5074;47,42;9,26;42,61
5076;34,84;8,18;46,45
5081;58,91;7,25;30,26
5084;35,20;7,89;52,45
5085;67,52;6,08;26,67
5087;50,09;7,87;40,09
5089;35,90;7,94;56,23
5091;54,85;8,03;35,40
5094;58,85;6,97;32,48
5095;58,86;7,11;31,40
5096;43,19;8,85;44,88
5101;40,79;8,62;36,36
5102;23,78;7,59;42,03
5103;18,94;8,26;35,83
5104;35,77;8,11;34,09
5105;42,76;7,21;48,07
5106;27,76;8,67;50,00
5107;44,57;7,08;38,06
5109;33,50;9,11;47,59
5111;51,62;7,64;42,10
5113;52,53;7,58;38,32
5114;51,32;7,66;45,87
5121;48,06;8,50;44,73
5122;19,30;7,80;30,97
5124;45,45;8,84;48,04
5125;39,94;9,51;51,91
5126;57,38;7,39;31,07
5131;56,02;8,53;32,98
5133;54,17;7,89;37,21
5141;25,04;7,67;34,11
5142;24,57;6,92;30,37
5143;42,38;7,66;39,54
5144;25,91;7,60;32,67
5145;20,07;6,51;57,92
5146;13,36;7,58;55,36
5151;54,62;8,06;30,18
5152;27,81;8,37;32,08
5154;31,72;8,63;58,66
5156;40,12;9,71;52,66
5157;36,06;8,64;59,25
5158;32,74;8,06;57,81
5161;28,35;9,52;54,99
5165;29,03;8,50;54,93
5171;52,68;7,33;34,24
5172;20,40;7,46;34,78
5175;61,52;7,38;30,85
5176;54,06;8,55;41,95
5211;28,18;6,83;39,82
5212;25,33;7,85;35,89
5213;24,52;7,10;40,47
5215;29,79;7,34;43,32
5216;26,71;8,81;60,12
5221;32,48;11,51;60,80
5222;19,92;6,79;32,72
5223;31,35;18,23;49,12
5224;28,98;8,22;36,55
5231;28,55;10,16;52,47
5232;28,48;9,52;44,31
5233;25,90;9,47;50,54
5234;25,05;6,09;51,44
5235;24,76;9,92;52,15
5236;22,48;8,94;60,88
5237;23,88;9,93;45,77
5241;24,18;10,02;56,12
5242;32,50;10,57;53,45
5243;29,48;10,20;56,99
5244;50,43;9,58;42,27
5245;20,29;7,95;62,55
5246;26,35;8,38;43,98
5247;20,89;8,95;60,31
5248;50,14;8,44;47,69
5249;29,23;7,13;62,89
5251;35,78;8,78;57,57
5252;22,36;10,58;50,57
5253;39,72;7,71;41,75
5254;30,53;9,91;63,39
5255;31,56;8,62;66,17
5256;23,72;9,17;59,34
5257;29,24;8,52;65,05
5258;40,00;7,97;46,73
5261;45,54;8,09;38,65
5262;50,20;8,21;32,69
5263;52,17;9,03;31,39
5264;49,51;8,73;62,84
5266;43,94;7,42;50,68
5268;58,39;7,48;34,09
5271;40,61;8,13;48,77
5272;24,62;8,06;30,23
5275;27,80;8,32;50,33
5281;45,97;8,65;38,94
5282;45,50;8,15;38,44
5283;46,95;7,96;39,38
5291;39,20;7,84;51,49
5292;30,05;9,21;60,04
5293;29,98;7,98;54,16
5294;41,29;7,72;51,68
5296;36,99;8,59;50,82
5298;44,49;9,29;45,49
5301;24,47;9,74;52,95
5302;8,64;7,15;43,23
5305;28,42;11,03;57,83
5306;26,84;8,71;61,99
5307;28,01;11,12;65,30
5308;27,97;8,82;53,88
5311;31,27;9,84;55,14
5313;23,21;9,32;63,54
5314;25,94;8,37;62,34
5315;27,97;9,32;63,45
5316;36,67;9,38;54,13
5317;35,23;8,89;54,34
5318;25,33;8,82;63,26
5321;24,03;9,09;58,43
5324;24,52;8,53;56,41
5325;25,97;8,52;60,93
5327;29,74;13,65;59,99
5328;24,47;8,91;60,23
5331;21,79;8,80;58,02
5333;26,94;10,24;67,72
5334;23,27;7,82;63,63
5335;35,30;11,31;54,64
5341;22,09;8,25;42,77
5342;40,30;8,95;46,20
5343;43,81;9,73;43,40
5344;28,96;8,17;48,84
5345;25,95;9,47;57,38
5346;17,87;8,98;55,70
5347;20,26;7,29;48,93
5348;20,61;7,95;47,20
5349;21,84;6,48;45,41
5351;41,44;8,34;51,08
5352;23,03;8,12;60,78
5353;30,28;9,80;60,39
5354;30,62;7,85;54,02
5355;29,23;8,47;54,78
5356;29,16;9,04;58,93
5357;26,25;8,72;57,34
5358;30,33;9,07;56,94
5359;26,05;9,97;69,65
5361;27,11;8,98;48,03
5363;37,56;9,08;49,64
5364;44,85;9,19;46,40
5366;25,66;8,38;76,79
5367;29,45;9,82;65,58
5368;26,11;9,26;68,45
5371;25,29;9,11;44,73
5373;43,45;8,32;48,13
5374;45,71;9,59;46,41
5375;49,09;9,14;45,00
5381;30,59;8,40;59,62
5382;37,55;8,54;54,81
5383;42,14;7,79;50,89
5384;35,03;8,96;52,29
5386;28,19;8,41;63,56
5388;43,23;9,72;51,18
5391;40,15;8,64;55,16
5392;44,13;9,37;52,10
5394;27,82;8,46;64,22
5395;20,62;7,60;68,95
5396;24,12;9,26;75,18
5397;22,42;9,16;59,39
5398;26,05;8,77;69,95
5401;20,34;8,07;39,96
5402;23,31;7,63;31,88
5403;28,45;8,88;37,47
5404;25,01;8,64;42,46
5405;23,05;7,32;36,97
5406;40,27;9,34;49,07
5408;33,71;9,35;58,55
5409;44,15;8,39;41,09
5411;44,15;8,71;43,89
5421;31,31;8,52;45,11
5422;31,63;7,66;39,42
5423;45,31;8,43;42,41
5424;50,26;8,22;36,36
5425;53,57;7,47;32,31
5427;36,27;7,93;45,49
5428;32,48;7,91;52,56
5431;33,11;9,12;43,13
5432;14,88;8,59;46,58
5433;27,24;9,71;53,59
5434;23,32;8,55;55,95
5435;33,33;8,80;53,39
5437;32,31;9,31;52,52
5438;38,73;9,04;48,73
5439;29,72;11,72;60,08
5441;25,20;10,38;58,22
5443;31,09;8,62;49,89
5445;49,42;7,94;37,05
5446;40,98;8,08;42,73
5447;38,75;8,15;44,47
5449;31,59;7,25;54,97
5451;40,55;9,44;45,11
5453;46,94;9,07;42,35
5454;44,96;8,11;37,36
5455;41,72;8,89;41,10
5461;28,74;8,38;46,30
5462;24,28;7,18;42,65
5463;32,21;8,34;46,23
5464;29,09;8,15;47,69
5465;31,06;7,35;51,28
5466;35,62;7,94;46,37
5467;21,36;8,03;33,79
5469;43,22;8,03;40,28
5471;21,71;7,48;60,52
5472;36,84;7,43;46,81
5473;41,81;8,07;43,29
5476;34,38;10,04;50,84
5481;28,85;8,82;51,22
5482;36,28;9,19;48,87
5491;42,01;8,01;44,95
5492;29,27;8,21;52,01
5501;25,61;7,60;29,38
5502;22,46;8,30;38,26
5503;24,89;7,76;35,20
5504;45,16;8,42;40,40
5505;42,28;7,59;44,48
5506;48,27;7,68;35,87
5507;49,45;7,86;38,91
5508;22,38;8,19;36,36
5509;15,79;8,19;40,64
5511;55,62;7,49;32,24
5512;49,51;8,94;40,82
5513;52,41;8,47;37,23
5521;43,92;7,96;42,67
5524;58,35;8,27;33,85
5525;42,48;8,28;45,43
5527;45,60;8,74;41,38
5528;44,95;8,11;45,30
5529;43,54;8,82;42,50
5531;48,61;8,15;38,45
5534;50,38;9,14;37,02
5541;44,29;8,26;42,00
5551;40,00;9,05;43,44
5552;39,68;7,79;34,43
5553;47,88;9,50;38,21
5554;25,53;8,11;37,62
5555;36,23;8,87;36,69
5556;52,46;8,72;36,35
5561;56,13;7,79;34,00
5563;50,14;8,04;40,01
5571;50,80;8,18;37,92
5575;54,38;7,63;37,15
5581;44,37;9,05;38,51
5582;48,52;8,93;31,56
5583;48,15;9,48;39,53
5591;48,40;8,20;36,26
5595;51,92;8,19;37,67
5611;23,59;7,57;25,66
5612;29,63;8,06;34,28
5613;26,58;8,37;31,07
5614;18,35;9,59;28,17
5615;26,64;8,27;34,00
5616;21,15;7,37;31,56
5617;11,06;5,30;33,29
5621;20,70;7,31;28,95
5622;23,13;6,65;29,53
5623;24,72;7,10;31,92
5624;30,74;7,82;37,75
5625;23,85;7,62;34,12
5626;43,00;8,38;36,74
5627;28,20;8,83;30,88
5628;30,25;6,86;29,98
5629;26,16;9,35;42,81
5631;41,65;9,28;41,12
5632;25,96;8,15;35,87
5633;35,05;9,06;54,96
5641;33,69;10,36;45,09
5642;20,55;7,33;34,58
5643;22,32;7,13;29,45
5644;40,34;8,98;40,56
5645;27,78;9,25;38,60
5646;53,24;9,33;32,45
5647;48,72;9,35;42,15
5651;56,31;7,51;35,15
5652;25,46;7,10;34,57
5653;25,37;7,52;35,33
5654;25,05;7,55;34,89
5655;30,49;10,57;36,99
5656;32,43;10,27;46,32
5657;44,92;9,68;57,15
5658;21,08;6,95;45,51
5661;42,32;10,25;44,62
5662;33,61;10,15;37,05
5663;27,04;9,40;43,78
5664;29,81;8,21;37,10
5665;50,39;8,62;32,88
5666;37,88;8,14;31,53
5667;36,53;8,46;36,74
5671;31,77;9,96;43,12
5672;27,03;9,64;37,64
5673;34,02;10,58;41,57
5674;44,98;9,37;46,01
5681;47,62;8,73;40,69
5682;38,74;10,53;45,70
5683;34,97;8,96;42,04
5684;34,92;8,04;42,18
5685;22,16;8,00;37,89
5688;43,64;8,90;43,01
5689;19,15;7,26;31,63
5691;51,43;8,12;33,88
5692;40,56;7,70;40,40
5694;37,14;8,74;47,34
5701;21,59;6,19;26,58
5702;31,76;9,29;39,83
5703;45,08;8,49;39,77
5704;40,47;8,02;38,34
5705;28,75;8,29;45,04
5706;30,57;7,86;42,47
5707;37,74;8,33;43,75
5708;44,09;8,28;40,98
5709;43,28;8,68;33,32
5711;39,02;8,16;40,53
5712;40,01;8,66;47,40
5715;51,24;8,50;38,01
5721;43,81;8,77;40,25
5722;32,79;7,38;25,03
5724;52,48;7,47;38,10
5725;35,33;10,06;48,43
5731;51,17;7,80;38,82
5735;36,44;9,29;48,65
5737;47,10;7,61;38,37
5738;46,44;8,13;43,10
5741;27,94;7,90;46,97
5751;36,67;8,14;37,15
5752;43,21;8,37;40,53
5753;34,56;9,47;47,06
5754;33,48;7,67;48,30
5756;54,25;8,93;33,88
5757;38,44;9,07;45,78
5758;34,68;9,78;49,97
5759;34,86;9,69;42,72
5761;51,55;7,76;39,51
5763;53,78;8,18;39,16
5764;60,93;7,06;27,12
5766;38,97;11,62;49,20
5768;40,28;8,00;45,45
5801;45,17;7,99;33,82
5802;26,68;7,62;36,78
5803;25,64;7,71;35,14
5804;37,43;7,39;43,89
5807;47,73;8,60;41,33
5808;42,56;8,34;45,24
5809;44,43;9,47;43,58
5811;44,86;8,97;47,19
5812;32,87;7,44;46,17
5813;47,71;8,71;43,43
5814;32,59;7,69;52,04
5815;56,24;7,83;37,95
5816;57,31;8,34;39,28
5817;53,41;8,93;37,31
5821;41,10;9,28;45,57
5823;40,67;8,79;45,56
5824;48,28;8,72;45,96
5825;55,95;8,06;33,96
5826;36,11;10,77;45,63
5827;29,32;8,69;57,77
5831;38,46;9,10;39,31
5835;32,96;10,64;51,96
5836;41,94;9,39;44,00
5841;51,47;8,89;36,48
5843;38,44;7,82;48,92
5844;44,21;7,98;41,79
5845;48,80;7,74;40,90
5846;48,83;7,89;43,12
5851;54,30;8,14;41,22
5853;31,84;8,04;54,49
5854;47,83;9,44;45,94
5855;46,97;9,94;42,49
5856;47,77;9,67;44,73
5861;37,69;9,10;49,34
5862;51,56;8,87;37,82
5863;44,71;8,49;49,61
5864;35,75;9,28;47,85
5865;40,06;8,95;43,55
5866;50,94;7,85;42,38
5871;36,80;8,28;50,58
5872;51,96;9,12;42,13
5911;22,71;7,85;31,73
5912;36,81;8,68;40,92
5913;29,77;9,46;35,34
5914;28,92;8,15;44,74
5915;43,31;9,52;48,96
5916;38,09;9,48;54,26
5921;21,16;7,91;33,61
5922;20,51;7,84;32,62
5923;24,36;8,24;39,25
5924;21,19;8,59;36,16
5925;26,23;8,69;45,00
5926;31,58;9,17;52,74
5927;52,10;9,73;47,18
5928;35,59;8,78;49,44
5931;18,40;8,45;41,21
5932;40,37;10,94;43,62
5935;28,15;8,92;42,40
5941;47,76;8,28;45,85
5943;57,48;8,00;36,83
5944;48,95;8,59;42,21
5951;40,49;8,45;43,72
5953;35,64;8,38;43,99
5954;39,21;10,66;51,54
5961;36,17;8,62;45,96
5962;30,88;8,22;57,90
5963;27,37;7,97;53,72
5964;44,83;8,34;48,86
5966;43,12;9,25;46,95
5971;42,15;8,61;45,24
5973;46,95;8,42;43,18
5975;41,04;8,82;45,90
5976;40,53;8,95;51,45
5977;34,44;8,33;42,98
5981;30,22;7,75;45,53
5984;43,55;8,62;49,72
5985;45,85;9,99;43,54
5986;39,76;8,51;42,90
5987;34,59;7,87;46,01
5988;54,92;7,22;34,84
5991;46,12;8,26;42,44
5993;44,69;9,49;42,63
5995;43,66;8,91;41,83
6001;29,53;7,70;33,10
6002;50,12;7,68;38,13
6003;25,89;8,40;48,63
6004;33,08;8,91;41,99
6005;41,03;10,74;47,56
6006;50,33;8,34;42,73
6011;37,34;9,47;48,69
6012;33,07;9,46;52,19
6013;34,69;9,37;51,70
6014;29,06;8,30;46,70
6015;41,57;8,52;42,86
6017;36,75;10,18;50,82
6019;27,46;9,27;45,18
6021;46,10;8,39;37,60
6023;27,47;8,37;50,16
6024;35,50;11,98;45,99
6026;51,96;8,45;35,84
6027;46,63;10,55;41,55
6028;47,34;7,11;44,66
6029;49,90;8,59;37,88
6031;46,40;8,36;42,47
6034;43,66;10,40;47,17
6035;27,99;8,39;51,04
6037;38,29;8,97;48,88
6039;39,46;9,09;47,57
6041;25,82;8,75;46,02
6042;40,12;9,23;47,48
6043;20,37;7,87;34,12
6044;43,31;9,82;42,91
6045;36,41;8,61;44,37
6049;21,12;9,42;50,94
6051;32,47;9,06;44,77
6061;45,64;8,41;41,87
6063;55,16;8,30;39,26
6065;53,24;7,98;44,03
6067;28,25;7,74;41,02
6071;42,80;9,37;48,26
6074;29,48;8,99;49,39
6075;52,49;8,45;44,29
6077;56,40;8,21;35,11
6081;49,26;8,83;42,00
6082;20,13;9,61;57,35
6083;56,41;8,41;37,97
6085;51,05;7,57;39,55
6086;40,35;9,44;47,66
6088;43,48;7,70;46,37
6089;54,36;8,94;36,27
6091;42,55;8,54;46,24
6092;25,62;7,56;47,27
6093;44,32;9,71;45,08
6095;34,30;8,96;50,09
6096;36,62;8,45;47,01
6097;40,08;9,36;45,48
6099;50,62;8,46;44,98
6101;29,09;9,66;46,05
6102;42,83;8,45;42,38
6104;44,97;9,12;42,32
6105;61,37;7,91;29,98
6107;22,80;9,84;63,59
6109;24,12;9,51;65,90
6111;54,56;8,39;36,53
6112;56,64;7,77;38,60
6114;42,71;11,54;43,52
6116;27,92;9,70;64,98
6118;34,73;10,93;45,29
6121;44,60;8,67;39,24
6122;31,34;8,07;40,57
6123;24,03;8,91;46,23
6124;32,47;8,92;48,53
6125;31,14;9,51;49,12
6127;25,17;11,24;56,34
6129;27,77;9,05;49,74
6131;27,53;7,39;35,76
6132;37,37;10,84;41,85
6133;25,00;9,46;39,72
6134;28,57;7,20;42,92
6135;26,54;8,14;42,50
6136;35,88;9,47;38,39
6137;33,11;9,78;43,08
6141;35,60;8,19;42,13
6142;28,80;7,57;47,47
6143;45,39;8,05;47,24
6151;34,32;11,93;39,47
6153;45,00;10,60;45,17
6155;31,67;8,87;53,27
6161;33,12;8,68;39,09
6162;24,94;8,28;43,32
6163;28,63;8,33;45,30
6164;34,00;8,64;39,66
6165;28,83;8,28;33,31
6166;24,67;8,47;38,72
6167;49,58;8,76;42,16
6171;34,19;9,26;45,25
6174;58,36;9,34;31,21
6176;37,97;10,17;45,94
6181;35,01;9,05;49,32
6191;30,30;9,20;44,63
6199;19,82;8,73;50,53
6211;31,04;6,91;31,69
6212;42,44;11,42;47,25
6213;31,47;11,76;46,75
6214;27,83;6,93;31,26
6215;29,21;7,59;36,56
6216;33,39;8,32;54,43
6217;29,76;7,95;43,89
6218;26,86;7,79;49,53
6219;33,96;11,36;51,74
6221;21,03;7,71;30,29
6222;35,74;9,24;45,82
6223;26,77;9,68;74,60
6224;19,34;7,63;36,01
6225;32,70;9,13;49,47
6226;27,51;9,25;44,75
6227;26,79;9,30;39,97
6228;28,68;9,07;43,51
6229;27,89;10,30;47,27
6231;43,41;9,30;41,36
6235;38,82;9,32;47,47
6237;23,59;8,54;54,93
6241;39,57;9,32;47,51
6243;45,83;8,83;50,55
6245;25,77;9,32;55,66
6247;32,02;8,78;53,61
6251;51,37;8,60;42,69
6252;16,71;8,83;70,29
6255;32,42;9,93;56,97
6261;35,86;8,08;51,96
6262;28,37;7,96;60,42
6265;44,81;7,87;50,67
6267;39,72;10,01;53,81
6268;43,59;9,57;46,79
6269;27,87;8,11;53,62
6271;47,85;8,35;42,67
6273;40,34;8,49;46,04
6274;43,86;8,99;41,85
6276;50,19;7,39;48,39
6277;52,55;7,73;42,47
6278;59,52;8,46;31,32
6281;52,26;7,64;43,57
6285;49,05;7,58;46,74
6286;37,00;9,42;52,57
6287;35,85;9,30;57,78
6289;27,68;8,33;55,37
6291;51,12;8,40;38,84
6294;57,24;7,44;38,22
6295;47,86;8,94;48,09
6301;44,44;9,28;43,33
6305;45,74;9,40;48,65
6307;27,32;8,67;65,15
6311;24,52;7,96;59,61
6312;18,98;6,82;72,49
6321;43,09;8,40;48,08
6325;46,42;9,06;42,65
6333;28,13;8,40;54,16
6336;30,75;9,11;49,64
6341;45,01;8,36;61,66
6342;25,10;8,00;60,23
6343;31,55;8,78;52,52
6351;34,58;7,96;48,75
6353;21,61;7,57;59,77
6361;38,58;9,90;49,15
6363;40,48;8,54;47,57
6365;41,11;10,60;47,91
6367;33,69;9,03;51,14
6369;33,18;8,59;49,30
6371;40,40;9,66;37,45
6372;41,58;10,18;38,16
6373;49,00;9,03;41,51
6374;36,43;9,35;44,39
6411;39,57;9,25;36,36
6412;30,85;9,30;42,85
6413;31,50;9,88;44,01
6414;44,10;9,50;47,59
6415;26,97;8,56;43,28
6416;35,04;9,05;40,87
6417;26,54;9,37;37,97
6418;31,61;9,16;43,92
6419;39,62;10,63;44,11
6421;32,25;14,19;44,79
6422;36,03;10,04;48,48
6431;23,98;8,90;38,70
6432;39,84;8,56;39,87
6433;31,18;9,78;42,67
6436;34,14;9,04;38,29
6438;31,69;10,28;42,90
6439;31,89;8,43;48,33
6441;32,19;9,24;40,47
6442;45,19;8,92;46,02
6443;40,51;9,29;50,20
6444;23,14;10,28;38,58
6445;48,13;8,41;48,59
6446;26,61;9,18;44,58
6447;26,45;11,18;49,44
6451;59,97;8,49;41,26
6454;49,42;8,93;46,68
6456;32,57;8,68;54,54
6461;23,39;8,23;36,71
6462;31,94;8,88;36,79
6463;32,01;8,27;38,56
6464;40,26;10,24;41,78
6465;35,11;10,57;48,82
6466;32,60;8,27;40,99
6467;24,88;9,04;37,08
6468;49,12;9,87;43,40
6469;43,39;9,59;38,34
6471;36,93;9,98;40,86
6511;24,67;7,56;36,01
6512;15,48;8,97;32,56
6515;24,99;7,49;54,47
6521;25,87;10,41;35,56
6522;29,92;10,45;57,90
6523;48,65;8,94;34,76
6524;23,29;10,30;36,91
6525;41,55;8,47;39,90
6531;19,27;10,21;38,47
6532;41,28;8,86;40,94
6533;21,64;9,00;40,48
6534;32,65;8,14;43,46
6535;21,67;7,09;42,77
6536;33,68;8,92;44,90
6537;37,10;8,41;45,77
6538;28,53;7,77;41,24
6541;20,91;8,05;43,87
6542;19,62;9,93;44,84
6543;23,80;9,66;44,18
6544;26,43;7,85;40,82
6545;26,99;8,78;41,39
6546;26,25;8,26;46,41
6551;26,30;8,03;60,27
6561;52,99;8,03;42,59
6562;43,49;8,95;49,79
6564;57,59;8,31;31,72
6566;25,95;9,71;60,12
6571;60,75;7,31;33,23
6572;70,45;6,64;22,38
6573;43,82;9,10;44,01
6574;56,08;9,12;32,64
6575;24,26;9,75;65,44
6576;29,25;14,09;64,83
6577;30,13;10,75;59,03
6578;26,95;8,49;64,83
6579;31,11;10,95;61,11
6581;52,21;8,78;38,06
6582;42,22;8,45;45,85
6584;44,81;9,09;44,78
6585;53,78;8,67;41,94
6586;62,74;7,98;29,78
6587;31,29;9,04;53,83
6591;37,03;9,81;41,27
6595;40,00;9,62;49,84
6596;39,35;9,33;56,07
6598;48,94;9,21;38,53
6599;36,95;10,09;55,36
6601;22,12;8,52;49,57
6602;28,66;9,12;42,78
6603;43,84;8,65;46,47
6604;27,22;9,24;49,59
6605;18,16;9,58;44,56
6606;26,33;8,79;55,63
6611;41,75;8,52;56,27
6612;29,02;9,22;57,50
6613;29,79;9,15;57,75
6615;47,77;7,99;45,35
6616;41,10;9,49;49,17
6617;37,07;9,72;51,99
6621;28,09;9,45;59,01
6624;28,57;11,32;55,58
6626;24,12;7,86;63,48
6627;26,10;9,24;60,90
6628;30,40;7,11;60,55
6629;29,46;9,78;56,76
6631;33,88;8,18;53,81
6634;24,45;8,78;58,89
6641;26,71;8,86;55,72
6642;16,18;8,88;48,07
6644;27,72;8,75;59,81
6645;27,83;8,35;60,20
6651;27,79;9,21;50,75
6652;14,50;8,92;46,71
6653;29,64;9,34;56,42
6654;27,89;9,15;64,22
6655;22,68;8,54;59,02
6657;24,23;9,11;60,01
6658;23,46;8,81;56,37
6659;29,83;8,42;60,64
6661;25,09;8,47;58,74
6662;19,90;8,95;54,54
6663;14,92;8,40;57,19
6665;19,25;8,68;59,46
6666;27,13;9,22;53,39
6668;23,68;7,77;57,39
6669;24,44;7,41;53,50
6671;25,05;8,53;50,38
6672;46,60;7,73;43,83
6673;18,80;7,65;55,49
6674;20,35;8,64;57,95
6675;18,30;8,64;64,13
6676;20,66;6,51;60,46
6677;33,67;8,95;58,01
6678;21,29;8,47;65,87
6681;21,67;9,18;57,54
6684;35,89;9,84;57,66
6685;25,69;9,78;62,48
6686;22,88;9,54;66,17
6687;21,55;7,76;60,52
6691;24,46;8,42;60,74
6701;29,86;12,07;54,40
6702;28,61;9,48;57,62
6703;45,33;9,83;36,98
6704;62,68;8,24;36,06
6705;62,45;8,19;29,80
6706;28,05;9,14;33,17
6707;21,81;8,80;28,94
6708;30,03;9,08;43,99
6709;24,81;7,02;66,25
6711;55,35;7,52;27,37
6712;25,27;8,51;30,20
6713;25,08;8,09;25,57
6714;29,05;7,55;31,55
6715;32,43;8,97;36,70
6716;26,88;8,16;33,65
6717;35,47;7,23;29,93
6718;59,79;7,09;36,02
6721;53,49;8,16;37,59
6731;59,80;7,09;31,18
6732;61,42;6,95;31,74
6733;58,30;6,72;31,42
6741;45,63;7,55;42,27
6744;25,67;7,84;58,67
6745;28,65;7,83;59,87
6811;25,97;6,16;24,04
6812;39,47;8,37;38,10
6813;47,95;7,99;32,76
6814;53,82;7,30;30,26
6815;52,52;7,31;35,26
6816;58,45;8,44;35,32
6821;40,61;8,88;32,99
6822;39,87;7,32;38,92
6823;38,62;8,91;35,72
6824;36,00;8,91;33,64
6825;27,62;8,17;43,92
6826;30,52;6,94;35,59
6827;25,01;7,94;39,58
6828;24,36;8,68;28,86
6831;21,34;7,93;37,59
6832;26,68;7,23;36,70
6833;23,30;6,66;55,60
6834;28,94;8,47;45,01
6835;31,26;9,82;40,49
6836;27,76;9,78;42,85
6841;30,95;9,24;64,04
6842;26,81;8,74;48,99
6843;27,99;9,03;36,65
6844;23,86;9,19;37,90
6845;27,04;9,01;36,28
6846;13,88;7,90;49,96
6851;22,76;9,71;52,54
6852;20,81;9,00;44,11
6861;53,87;7,85;33,61
6862;50,66;8,29;40,03
6865;61,46;8,23;31,36
6866;49,56;8,83;40,42
6869;55,34;9,68;30,06
6871;53,06;8,64;46,07
6874;57,52;8,50;36,64
6877;59,72;6,83;38,38
6881;56,51;7,64;30,67
6882;26,00;8,19;31,30
6883;29,91;8,32;50,92
6891;65,77;6,52;27,22
6901;28,00;8,19;35,55
6902;33,24;7,78;49,62
6903;24,32;8,74;45,49
6904;24,12;8,56;38,70
6905;22,44;8,90;56,46
6909;36,15;8,31;49,40
6911;30,19;10,00;63,87
6913;22,73;10,37;68,20
6914;26,84;8,92;56,07
6915;23,15;7,97;45,54
6916;29,39;9,13;52,75
6917;28,29;11,66;49,70
6921;24,06;8,78;48,88
6922;23,53;10,50;43,43
6923;21,57;9,02;63,07
6924;25,94;8,83;72,02
6931;23,75;9,85;49,61
6932;19,58;8,17;41,97
6941;31,15;8,52;55,26
6942;28,13;8,40;51,74
6951;27,97;8,18;31,96
6952;64,53;7,32;24,69
6953;31,12;9,11;48,87
6955;61,04;7,64;31,36
6956;42,21;7,59;58,56
6957;68,36;5,91;24,80
6961;63,16;6,61;26,07
6964;47,32;8,41;46,18
6971;41,03;9,23;52,89
6974;52,34;8,68;39,64
6975;41,03;9,16;53,50
6981;30,48;8,43;36,14
6982;29,34;9,59;44,06
6983;25,91;9,04;39,77
6984;30,91;9,45;58,24
6986;38,72;8,21;48,72
6987;28,42;9,06;48,80
6988;26,87;9,04;53,31
6991;50,62;7,73;46,87
6994;67,91;6,61;26,87
6996;40,35;8,55;49,87
6997;49,50;8,17;48,98
6998;42,41;9,39;47,59
6999;50,60;8,25;41,89
7001;25,39;8,04;30,08
7002;40,27;8,26;40,16
7003;23,96;8,70;34,68
7004;52,87;7,89;42,20
7005;30,39;7,30;40,01
7006;29,32;9,59;43,15
7007;21,79;8,72;48,86
7008;30,33;8,53;44,70
7009;43,47;8,64;41,78
7011;35,32;9,58;50,40
7021;44,85;8,05;46,12
7025;36,90;7,95;53,19
7031;38,65;8,37;49,09
7035;55,69;7,67;38,21
7036;62,84;6,75;34,02
7037;60,95;7,30;35,19
7038;59,75;7,83;34,00
7039;50,04;8,56;44,99
7041;40,61;8,55;37,58
7044;41,80;8,81;53,23
7045;31,24;8,54;53,49
7046;21,66;6,98;61,22
7047;38,29;8,56;51,53
7048;36,98;7,72;57,69
7051;36,03;8,72;46,88
7054;45,07;7,88;49,32
7055;39,74;7,80;52,64
7061;40,64;8,85;43,07
7064;29,50;8,54;53,63
7065;44,60;7,45;48,40
7071;23,26;9,80;46,48
7075;28,89;8,71;58,39
7076;22,80;8,63;61,06
7077;23,01;9,24;57,17
7078;33,76;9,15;53,00
7081;27,76;9,21;50,87
7083;41,31;8,47;54,67
7084;41,91;8,41;52,01
7091;25,48;8,76;47,64
7095;38,25;8,67;56,83
7101;36,16;8,28;40,31
7102;47,65;8,67;40,94
7103;37,41;8,03;38,27
7104;48,37;8,37;42,33
7105;52,17;7,31;39,26
7106;61,57;6,56;30,46
7107;49,39;7,81;48,64
7108;57,63;7,51;35,86
7109;49,36;7,60;42,68
7113;52,00;8,10;44,84
7115;53,11;8,02;38,21
7119;41,86;12,99;54,37
7121;44,09;7,83;45,92
7122;41,60;7,73;47,91
7123;31,90;8,55;42,94
7126;29,32;8,25;53,10
7131;31,64;7,82;44,15
7132;17,50;8,60;43,61
7134;43,52;9,35;51,02
7135;36,91;7,30;50,46
7136;34,47;7,85;54,82
7137;43,85;8,19;49,99
7141;32,50;8,39;46,58
7142;47,56;7,58;38,75
7151;41,57;8,08;45,19
7152;48,08;8,05;42,38
7156;39,35;7,65;48,72
7157;48,46;7,81;40,38
7161;45,89;8,10;43,07
7165;52,83;7,38;45,13
7201;26,47;8,47;31,86
7202;21,91;7,97;50,46
7203;31,58;8,67;43,19
7204;27,60;8,21;40,13
7205;26,36;11,48;58,27
7206;26,71;9,97;41,26
7207;33,34;9,33;47,61
7211;49,70;8,06;43,34
7213;53,08;7,66;39,89
7214;57,11;7,30;35,01
7215;61,08;7,15;31,57
7216;53,62;7,34;34,53
7217;52,21;7,47;41,94
7218;53,75;7,30;39,36
7221;28,23;9,01;57,15
7223;41,44;8,14;44,76
7224;20,57;7,38;63,98
7225;28,79;10,19;54,16
7226;33,38;8,76;55,27
7227;31,82;8,08;57,57
7231;55,76;7,95;35,54
7232;17,61;9,63;34,65
7233;52,00;7,62;42,74
7234;39,33;8,21;51,30
7241;54,85;7,42;37,14
7242;28,98;8,50;29,70
7244;51,47;7,84;44,05
7245;50,84;7,14;39,26
7251;57,12;7,57;36,07
7255;49,30;7,87;42,84
7256;29,75;8,15;54,85
7261;48,60;8,22;39,59
7263;36,61;7,84;52,80
7271;46,49;8,19;37,71
7273;49,31;7,89;40,10
7274;43,12;7,78;46,11
7275;39,99;8,25;48,38
7311;22,10;7,53;28,67
7312;47,66;8,73;36,11
7313;64,01;7,75;28,39
7314;33,34;8,90;33,82
7315;57,91;7,36;34,16
7316;32,07;8,30;41,07
7317;33,27;7,01;33,83
7321;17,66;8,05;33,75
7322;29,27;7,93;30,71
7323;26,72;7,64;45,31
7324;13,10;5,33;47,40
7325;40,77;7,81;40,51
7326;31,38;8,72;35,72
7327;32,88;8,30;32,40
7328;31,59;7,86;27,78
7329;34,46;8,30;37,25
7331;22,34;7,60;29,71
7332;34,81;6,13;27,23
7333;35,10;7,00;37,54
7334;52,73;8,25;34,32
7335;24,98;8,72;38,47
7336;40,68;7,85;42,93
7339;64,33;7,61;29,38
7341;30,28;8,08;59,02
7345;58,01;7,19;39,03
7346;63,46;7,20;39,81
7348;59,34;8,56;48,28
7351;63,51;7,49;28,07
7352;57,52;8,30;34,40
7361;61,68;7,71;29,94
7364;48,50;8,31;45,09
7371;58,93;7,18;36,29
7381;33,47;8,68;55,11
7382;48,56;8,25;42,79
7383;48,70;8,37;44,07
7384;38,30;8,06;51,21
7391;38,90;8,85;42,73
7392;26,31;9,36;57,30
7395;32,63;8,55;52,02
7396;29,20;8,73;56,63
7397;30,37;9,06;58,16
7399;38,50;8,23;54,64
7411;27,66;7,34;26,14
7412;25,37;8,06;37,49
7413;31,10;8,11;26,98
7414;37,46;8,36;40,54
7415;32,76;7,01;42,34
7416;37,20;8,27;44,53
7417;24,41;6,13;36,42
7418;29,85;8,07;42,05
7419;28,69;8,16;51,97
7421;25,05;9,42;36,25
7422;26,13;9,32;35,17
7423;26,42;8,99;36,72
7424;20,46;6,82;43,44
7425;21,29;9,09;46,42
7426;47,67;8,98;54,28
7427;55,32;6,64;31,60
7428;50,76;6,98;48,71
7429;43,96;7,56;41,41
7431;49,83;8,02;43,22
7433;50,17;7,45;39,69
7434;56,62;7,66;34,36
7435;53,55;6,37;35,32
7437;46,47;7,49;40,95
7439;30,67;10,28;53,53
7441;51,94;7,80;50,71
7442;31,71;7,62;35,25
7443;41,90;8,51;42,00
7447;52,58;7,86;33,93
7448;55,01;7,40;50,15
7451;54,92;7,38;36,74
7461;50,95;7,70;34,93
7462;44,06;7,79;45,61
7463;16,04;7,02;37,63
7466;36,42;7,78;52,23
7467;52,84;7,00;38,60
7468;36,32;7,91;51,92
7471;33,80;7,83;40,55
7472;38,50;9,33;50,74
7475;50,43;7,97;40,82
7478;49,30;7,74;40,22
7481;51,04;8,57;45,80
7482;42,50;7,45;42,18
7483;21,11;7,98;36,43
7491;42,13;8,02;38,35
7495;55,85;7,94;35,54
7496;43,81;6,94;41,32
7497;51,16;6,70;39,49
7511;23,31;6,59;26,33
7512;15,87;6,87;20,14
7513;26,42;7,79;29,02
7514;24,72;7,49;24,27
7521;36,96;7,88;33,98
7522;59,72;7,21;31,34
7523;30,67;7,68;30,71
7524;52,90;8,14;49,41
7525;58,05;7,23;37,67
7531;43,03;8,62;32,52
7532;50,52;8,33;34,62
7533;33,13;7,73;31,44
7534;38,25;8,95;42,27
7535;42,02;8,20;39,73
7536;49,60;9,15;53,42
7541;27,91;8,55;45,04
7542;51,95;7,40;30,05
7543;30,78;7,90;35,97
7544;46,08;7,63;36,31
7545;27,61;7,31;32,99
7546;48,29;8,51;37,34
7547;47,38;8,20;41,67
7548;52,89;7,55;40,42
7551;21,58;7,65;25,01
7552;42,11;7,52;38,38
7553;21,92;7,71;29,62
7554;54,76;8,61;38,81
7555;37,27;8,96;39,56
7556;34,33;7,49;37,18
7557;23,88;7,84;32,52
7558;35,66;8,28;35,52
7559;31,84;8,09;43,93
7561;52,40;8,46;40,44
7562;51,84;8,70;37,49
7571;21,94;6,86;21,34
7572;29,07;8,16;36,73
7573;39,89;7,93;33,73
7574;44,23;7,68;35,58
7575;36,50;8,46;36,59
7576;46,96;8,38;35,16
7577;33,06;8,09;38,49
7581;47,92;7,75;34,54
7582;46,37;7,47;34,65
7585;40,45;6,93;43,41
7586;41,13;7,37;39,09
7587;56,63;7,83;34,26
7588;53,48;7,04;38,72
7591;44,24;7,80;36,93
7595;46,05;7,87;40,46
7596;51,38;8,47;35,78
7597;48,45;7,95;38,28
7601;35,41;7,85;37,81
7602;34,98;7,93;38,63
7603;31,46;7,67;36,98
7604;40,65;7,75;41,08
7605;22,11;7,01;28,71
7606;30,41;7,01;35,98
7607;48,95;7,05;30,79
7608;29,17;7,85;37,43
7609;39,49;7,96;37,84
7610;35,86;5,53;39,92
7611;30,19;8,52;43,59
7614;28,88;7,23;41,68
7615;34,87;7,08;44,95
7621;41,22;8,99;39,76
7622;29,15;8,06;31,11
7623;30,34;8,40;42,77
7625;41,97;8,16;46,97
7626;46,15;7,92;43,84
7627;47,63;7,65;40,79
7631;32,72;7,97;37,96
7634;45,28;7,47;37,66
7635;44,48;7,63;42,52
7636;50,63;7,76;33,24
7637;52,47;7,46;35,93
7638;57,39;6,70;32,66
7641;38,04;8,28;59,12
7642;38,20;8,29;47,67
7645;47,40;8,64;42,64
7651;45,09;7,27;34,93
7661;55,23;7,27;33,24
7662;57,91;7,44;41,44
7663;49,16;8,86;39,62
7664;41,46;7,90;36,28
7665;43,09;6,86;39,50
7666;47,90;7,37;41,17
7667;47,44;7,47;36,26
7668;52,44;8,53;32,39
7671;38,50;8,23;57,93
7672;23,41;6,58;29,01
7675;53,03;9,02;49,27
7676;34,98;7,82;37,92
7678;39,54;6,58;38,69
7679;37,24;7,24;38,28
7681;34,61;7,15;40,10
7683;41,78;7,40;41,74
7685;40,35;7,00;45,29
7686;33,03;7,91;47,90
7687;31,88;7,36;47,11
7688;45,04;8,12;37,94
7691;45,46;7,81;37,46
7692;38,84;7,85;37,90
7693;42,13;9,02;39,08
7694;39,78;8,94;39,68
7695;41,49;8,21;42,42
7696;45,05;8,02;37,94
7701;37,13;8,18;39,29
7702;34,59;11,96;38,51
7705;36,81;6,92;48,30
7707;47,62;8,26;36,74
7711;31,53;6,75;45,64
7715;59,29;6,98;30,56
7721;26,92;8,10;30,26
7722;54,98;6,47;33,06
7731;60,39;7,08;27,89
7732;30,33;8,44;44,76
7734;57,41;8,40;30,61
7735;55,33;7,58;35,88
7736;55,76;8,09;35,66
7737;59,15;7,83;32,89
7738;45,95;8,59;40,67
7739;41,03;7,46;41,64
7741;31,76;7,86;42,38
7742;36,79;7,98;40,30
7751;38,83;7,75;48,24
7753;44,04;9,93;52,08
7754;42,41;7,87;54,91
7755;49,43;11,30;42,81
7756;36,82;8,32;43,20
7761;38,80;9,05;44,07
7764;44,31;8,49;41,05
7765;35,79;9,35;56,69
7766;36,35;8,28;51,79
7771;39,14;7,84;39,46
7772;27,67;7,57;30,57
7773;17,31;6,64;30,81
7775;34,51;7,13;39,81
7776;34,48;7,30;42,57
7777;43,72;7,86;46,61
7778;44,10;8,06;42,81
7779;49,10;9,34;36,85
7781;39,09;6,69;49,72
7782;37,69;8,84;45,43
7783;30,85;8,18;33,84
7784;36,68;6,17;40,18
7785;62,63;7,04;30,27
7786;45,65;6,63;36,58
7787;38,40;7,48;42,61
7788;35,54;6,48;50,14
7791;38,91;7,01;44,46
7792;35,85;7,63;53,03
7793;34,18;8,06;39,51
7794;54,44;7,85;30,84
7795;62,73;7,17;26,76
7796;41,07;6,86;42,82
7797;54,02;8,59;34,92
7798;46,52;8,43;36,49
7811;30,88;7,04;34,36
7812;34,85;8,06;39,92
7813;31,40;7,52;48,76
7814;55,92;8,40;37,98
7815;48,81;8,11;31,59
7821;33,69;7,72;38,89
7822;50,96;7,80;29,33
7823;45,83;8,23;34,88
7824;46,65;7,85;34,47
7825;39,39;9,53;45,33
7826;32,86;8,45;38,57
7827;28,21;8,41;36,80
7828;26,67;9,94;52,48
7831;34,16;7,65;48,55
7833;36,77;8,80;43,04
7841;43,53;8,61;42,26
7842;44,47;7,12;46,98
7843;45,37;8,07;45,12
7844;40,03;7,42;47,17
7845;50,54;8,79;47,97
7846;56,28;8,34;35,52
7847;47,41;13,06;36,05
7848;53,77;8,01;35,07
7849;56,83;7,55;35,49
7851;54,07;7,98;37,02
7852;53,10;7,49;36,08
7853;59,42;7,61;35,18
7854;44,97;8,72;45,01
7855;54,78;8,75;35,57
7856;40,37;7,81;56,33
7858;48,72;10,39;40,29
7859;30,75;6,71;55,74
7861;47,86;8,09;41,87
7863;51,90;8,41;42,82
7864;48,97;8,75;48,61
7871;42,96;9,11;43,61
7872;56,24;8,54;36,21
7873;64,46;6,68;24,67
7874;56,88;7,59;31,75
7875;58,73;7,54;40,18
7876;39,84;8,09;44,89
7877;39,77;7,30;48,96
7881;36,32;9,18;45,60
7884;34,11;9,52;47,34
7885;34,51;12,27;45,79
7887;34,03;8,83;47,92
7889;46,03;11,38;42,96
7891;36,71;9,95;48,35
7892;18,81;7,92;46,83
7894;23,40;10,28;64,20
7895;38,98;9,19;50,16
7901;23,95;8,03;39,43
7902;25,21;7,69;39,75
7903;28,37;8,23;47,79
7904;21,43;7,27;34,46
7905;27,86;8,12;46,44
7906;27,78;6,56;34,96
7907;37,38;9,21;44,52
7908;24,95;8,72;41,12
7909;36,31;8,82;42,09
7910;43,99;8,27;43,71
7911;47,18;8,79;46,24
7912;40,33;8,86;46,92
7913;50,64;8,65;41,80
7914;31,37;8,86;50,59
7915;43,69;7,49;50,66
7916;48,12;8,57;42,11
7917;47,28;8,83;43,46
7918;39,60;12,87;47,75
7921;49,82;9,22;39,35
7924;40,07;8,16;44,93
7925;44,39;9,02;43,06
7926;43,72;7,24;44,53
7927;35,41;7,98;43,94
7928;50,73;11,31;31,61
7929;52,62;6,47;45,81
7931;54,49;7,33;39,96
7932;58,02;8,53;35,60
7933;47,23;9,05;39,51
7934;47,13;7,99;48,60
7935;44,95;6,79;46,99
7936;50,38;8,54;49,04
7937;37,33;8,85;55,22
7938;38,72;11,21;60,41
7941;25,70;6,46;20,53
7942;29,40;7,52;46,09
7943;30,62;9,00;38,75
7944;25,96;7,41;26,30
7946;31,51;13,41;60,63
7948;28,38;7,76;55,02
7949;36,77;8,63;31,39
7951;36,39;7,41;43,16
7954;24,13;9,02;57,34
7955;53,03;8,33;39,92
7957;40,90;7,76;35,19
7958;40,80;8,48;47,14
7961;33,34;8,41;56,46
7963;46,94;8,49;47,32
7964;56,65;8,60;38,21
7965;45,95;7,40;43,28
7966;50,89;7,39;28,80
7971;44,93;8,41;46,89
7973;54,24;8,06;38,18
7974;55,88;7,85;38,91
7975;53,50;8,15;34,72
7981;66,93;6,78;21,28
7983;55,00;8,23;37,55
7984;39,00;7,55;38,70
7985;64,21;8,36;23,78
7986;51,61;9,04;33,26
7991;56,96;7,89;34,20
8011;30,37;7,25;23,50
8012;25,66;7,87;29,97
8013;24,89;7,78;37,39
8014;34,06;8,25;30,03
8015;40,50;10,36;46,00
8016;20,54;8,62;41,67
8017;27,62;8,36;43,83
8019;42,56;8,80;38,31
8021;25,84;6,33;21,65
8022;30,99;7,09;30,51
8023;24,78;9,10;26,69
8024;38,05;7,58;40,85
8025;27,87;7,62;43,07
8026;46,75;8,06;46,23
8028;29,12;8,21;44,16
8031;33,19;8,94;40,60
8032;28,00;8,58;32,97
8033;23,02;8,59;34,14
8034;41,21;8,63;47,91
8035;31,58;8,24;51,48
8041;29,56;7,63;43,34
8042;22,50;7,96;48,86
8043;14,67;7,08;40,18
8044;15,77;4,99;51,78
8045;30,07;7,76;56,80
8051;50,53;8,50;38,11
8052;12,89;6,94;38,41
8055;46,69;9,51;42,88
8061;27,33;8,56;50,44
8064;29,53;12,26;56,96
8066;30,55;14,14;71,21
8071;47,01;8,37;41,10
8072;57,59;8,53;36,67
8075;61,36;8,08;43,36
8076;58,99;9,31;42,32
8077;58,84;7,86;36,75
8079;25,55;7,63;72,95
8081;26,97;7,95;52,04
8082;18,96;4,77;45,89
8084;49,51;8,41;47,67
8085;43,03;9,04;52,68
8091;49,66;8,13;43,92
8094;45,05;9,25;43,18
8095;53,69;9,05;53,88
8096;47,90;7,54;49,20
8097;27,54;6,96;71,45
8101;39,93;6,78;44,71
8102;47,79;7,10;38,77
8103;21,44;7,21;36,91
8105;43,98;7,30;43,83
8106;37,93;6,74;52,85
8107;46,63;7,16;40,07
8111;51,64;7,46;38,54
8112;42,70;6,53;45,39
8121;46,41;8,56;46,52
8124;51,98;7,26;40,91
8131;40,42;7,87;44,43
8141;49,90;7,01;35,44
8144;31,27;9,94;52,21
8146;37,86;7,18;53,65
8147;60,98;6,97;28,61
8148;53,26;8,52;40,23
8151;35,83;7,48;46,52
8152;31,93;6,71;47,88
8153;34,50;8,27;63,07
8154;41,68;5,95;44,55
8161;50,42;8,43;41,28
8162;58,48;7,84;43,37
8166;54,19;8,21;46,20
8167;25,67;7,75;57,15
8171;53,97;7,62;39,54
8172;37,35;8,93;47,55
8181;52,11;8,38;44,74
8191;55,42;9,17;35,25
8193;25,11;7,85;56,13
8194;24,76;8,78;61,03
8196;27,97;8,42;60,27
8198;26,27;7,60;58,88
8211;49,05;9,46;42,82
8212;40,80;9,31;39,99
8218;40,74;8,98;67,60
8219;50,29;9,97;49,09
8221;46,45;13,38;51,38
8222;52,23;11,54;40,37
8223;44,63;8,18;43,06
8224;31,67;9,09;40,61
8225;39,87;8,53;37,77
8226;25,12;9,51;41,44
8231;53,14;11,23;34,40
8232;23,40;8,39;41,89
8233;28,55;9,65;50,24
8239;26,88;9,50;54,11
8241;31,38;9,62;56,03
8242;25,26;12,58;49,18
8243;24,35;9,32;45,56
8244;21,79;10,14;45,83
8245;51,02;8,02;47,98
8251;53,49;8,95;45,56
8252;34,70;9,75;45,93
8253;19,82;7,95;52,05
8254;40,33;6,50;47,08
8255;44,37;8,85;50,60
8256;44,54;11,50;48,13
8261;29,55;7,25;40,32
8262;14,98;6,20;35,87
8263;18,94;7,03;60,44
8264;24,33;7,84;47,24
8265;23,49;7,53;58,02
8266;19,63;8,13;44,45
8267;27,60;7,84;71,76
8269;3,31;1,99;74,44
8271;19,08;7,94;57,54
8274;25,00;9,10;67,80
8275;25,29;8,12;51,02
8276;27,32;9,55;58,57
8277;16,44;7,77;65,95
8278;26,35;6,76;71,73
8281;24,96;7,01;49,85
8291;23,57;7,84;51,73
8293;24,79;7,22;54,92
8294;28,02;7,00;49,15
8301;27,66;5,61;32,27
8302;34,44;9,31;43,52
8303;35,31;7,44;38,82
8304;30,20;7,76;46,44
8305;33,04;8,35;56,11
8307;33,17;7,18;56,29
8308;34,44;8,25;54,93
8309;36,08;8,03;51,16
8311;33,99;6,94;46,29
8312;35,51;7,04;49,36
8313;40,77;8,57;47,47
8314;41,98;9,65;49,17
8315;46,25;8,11;45,93
8316;43,66;8,08;48,46
8317;49,64;8,29;43,69
8319;45,30;12,33;48,59
8321;43,37;9,32;40,58
8322;39,38;8,08;47,99
8323;0,00;4,39;66,53
8325;29,88;7,59;57,39
8326;33,40;11,30;64,33
8331;29,11;8,26;38,38
8332;23,57;9,34;51,01
8333;28,95;5,47;45,45
8334;41,07;8,80;40,51
8335;29,10;8,67;54,59
8336;49,52;8,44;45,41
8337;46,05;8,15;39,03
8338;41,19;8,81;43,78
8339;33,37;9,05;53,25
8341;32,58;8,44;49,39
8342;40,34;9,42;47,62
8343;25,79;11,73;58,04
8344;42,49;8,42;51,03
8345;44,39;9,44;49,35
8346;57,10;9,08;32,46
8347;60,37;7,78;35,36
8351;42,39;11,07;52,65
8355;31,77;11,73;60,41
8356;25,32;7,61;64,24
8361;28,90;7,51;76,95
8362;23,44;9,72;77,92
8363;34,21;15,47;55,96
8371;34,43;14,09;53,02
8372;24,79;11,08;67,22
8373;23,76;9,58;80,49
8374;25,50;6,83;63,00
8375;25,50;8,04;56,37
8376;27,47;16,95;69,40
8377;27,42;18,07;67,02
8378;40,93;9,41;45,12
8381;56,68;7,91;37,96
8382;55,51;7,53;37,88
8383;50,38;8,61;45,16
8384;45,46;8,86;41,43
8385;49,28;7,39;41,81
8386;57,63;7,61;34,84
8387;65,78;6,41;21,96
8388;43,25;7,29;48,06
8389;47,51;9,03;49,61
8391;49,97;7,72;40,32
8392;44,42;6,96;46,86
8393;39,57;7,65;47,65
8394;41,27;8,93;51,62
8395;37,13;13,43;45,32
8396;48,37;15,35;38,27
8397;35,54;7,72;44,36
8398;50,56;7,75;44,02
8401;29,03;7,57;45,35
8403;32,66;7,93;49,54
8404;36,41;7,51;52,85
8405;43,18;8,23;48,89
8406;40,30;8,57;53,61
8407;40,95;8,00;58,62
8408;44,64;7,92;38,31
8409;52,53;8,02;43,06
8411;41,14;7,98;45,20
8412;47,12;7,42;40,64
8413;48,90;7,91;38,33
8414;41,72;7,07;44,51
8415;47,90;7,21;36,33
8421;52,71;7,56;43,93
8422;54,96;8,37;34,14
8423;49,15;8,31;43,99
8424;48,74;10,20;41,57
8425;46,30;7,95;44,83
8426;54,14;8,36;36,46
8427;56,55;9,45;31,28
8428;39,91;9,69;48,19
8431;44,24;7,36;39,97
8432;50,87;7,42;35,69
8433;37,13;7,88;43,74
8434;36,10;7,41;47,18
8435;45,99;7,13;45,14
8437;58,55;7,37;27,97
8438;49,04;10,03;38,24
8439;55,39;8,95;29,12
8441;35,38;9,26;49,03
8442;22,60;6,35;35,34
8443;30,44;8,00;44,44
8444;31,36;6,56;51,82
8445;35,06;9,24;50,74
8446;26,11;7,52;36,63
8447;23,00;9,17;49,30
8448;22,58;8,65;55,18
8449;36,22;10,92;54,36
8451;55,96;7,04;37,23
8452;46,10;8,24;39,41
8453;59,99;7,57;31,15
8454;45,38;7,62;37,62
8455;52,62;8,46;43,04
8456;41,26;8,55;43,35
8457;33,78;10,32;57,24
8458;37,78;11,67;52,74
8459;30,74;13,40;51,00
8461;29,53;8,22;57,41
8462;34,99;9,46;65,27
8463;22,82;13,50;62,52
8464;34,19;13,71;52,95
8465;29,63;9,26;54,65
8466;33,49;8,85;49,73
8467;22,77;6,76;65,82
8468;26,73;9,43;57,95
8469;25,57;13,19;50,17
8471;31,88;9,52;41,92
8472;22,21;7,39;47,69
8474;46,46;11,45;42,79
8475;48,09;8,85;47,15
8476;39,37;7,47;52,23
8477;34,75;7,51;59,91
8478;41,61;7,26;44,54
8479;39,29;7,26;57,73
8481;25,54;12,47;69,20
8482;25,79;9,05;66,42
8483;28,13;8,86;65,78
8484;30,86;8,71;66,79
8485;26,62;12,12;63,53
8486;26,79;9,69;68,44
8487;26,38;10,42;68,85
8488;34,25;7,54;57,77
8489;26,28;6,85;59,84
8491;21,46;8,65;55,49
8493;26,22;10,75;52,48
8494;21,29;8,65;64,23
8495;24,96;9,60;60,97
8497;23,25;10,50;68,55
8501;26,88;7,66;46,91
8502;19,23;8,70;44,51
8503;27,67;11,55;61,67
8505;31,05;8,96;59,62
8506;49,97;8,67;43,72
8507;23,51;13,23;64,88
8508;24,87;7,98;61,05
8511;24,22;7,71;60,29
8512;26,83;8,47;64,34
8513;35,20;8,91;51,59
8514;24,25;7,83;60,88
8515;29,61;13,33;60,26
8516;22,73;8,59;70,27
8517;34,92;7,57;56,12
8521;47,87;9,34;43,55
8522;27,04;8,43;63,40
8523;25,41;8,98;56,09
8524;28,84;10,49;57,35
8525;28,59;10,32;52,50
8526;20,61;9,41;63,67
8527;47,68;10,90;50,71
8528;27,16;9,98;58,66
8529;22,72;9,51;64,81
8531;26,75;8,60;54,93
8532;8,52;7,49;35,22
8534;31,58;8,17;69,22
8535;23,51;8,27;71,56
8536;22,46;9,00;60,80
8537;23,28;7,58;61,75
8538;27,35;7,31;68,14
8539;24,53;8,00;62,03
8541;21,02;10,28;65,89
8542;25,58;9,00;54,90
8551;14,57;9,57;48,35
8552;20,19;8,07;62,06
8553;24,30;7,13;61,97
8554;27,77;6,46;61,70
8556;22,69;8,37;61,54
8561;24,69;8,84;48,63
8563;36,77;8,57;61,77
8564;66,91;8,98;27,30
8565;46,73;8,45;53,96
8566;59,16;8,19;40,20
8567;65,33;6,66;34,89
8571;55,77;8,90;44,84
8572;67,84;7,86;31,66
8573;55,75;9,26;53,80
8574;32,60;9,77;49,24
8581;24,42;7,32;65,43
8582;23,65;8,23;68,88
8583;32,35;7,20;63,41
8584;32,31;9,00;60,78
8601;23,54;7,63;47,58
8602;21,83;7,70;53,15
8603;29,67;8,12;39,39
8604;18,22;8,57;51,23
8605;22,90;8,49;43,83
8606;27,78;7,88;49,66
8607;16,03;7,03;49,35
8608;24,54;7,56;48,12
8611;17,57;7,12;63,21
8612;18,06;5,39;71,39
8613;19,70;4,94;67,15
8614;21,00;7,21;66,95
8615;20,31;7,71;56,22
8616;24,86;6,70;64,03
8617;23,30;6,78;62,95
8618;23,23;7,07;67,50
8621;23,20;7,83;55,68
8622;22,91;8,22;63,82
8623;24,21;7,33;65,95
8624;25,43;9,11;63,74
8625;23,22;8,37;63,49
8626;26,84;9,24;62,58
8627;21,98;8,13;52,94
8628;28,02;7,41;57,51
8629;21,77;8,03;57,63
8631;23,24;7,68;64,43
8632;21,82;7,28;58,18
8633;28,31;7,82;52,84
8635;23,63;6,82;60,52
8636;26,92;6,35;57,45
8637;20,82;7,52;62,69
8641;21,28;6,68;60,79
8642;27,90;5,58;62,14
8644;27,64;6,38;56,93
8647;25,86;9,40;57,44
8651;20,24;8,28;56,17
8658;24,19;7,66;66,84
8701;26,34;7,30;48,56
8702;11,77;8,35;46,28
8711;19,92;8,02;59,63
8713;16,00;10,30;65,75
8715;21,50;9,57;54,57
8721;25,07;9,29;66,17
8722;24,85;7,82;63,93
8723;26,72;9,52;62,30
8724;27,13;7,33;62,69
8731;19,21;7,96;58,04
8732;26,25;6,83;59,70
8733;25,33;7,61;58,19
8734;21,62;7,42;56,31
8735;23,40;7,55;60,97
8736;21,13;6,97;64,07
8737;23,91;6,82;63,33
8741;28,16;6,59;60,23
8742;25,29;7,08;60,91
8743;27,12;8,20;59,89
8744;23,86;6,78;60,51
8745;28,39;7,98;60,52
8746;24,53;7,42;59,12
8747;25,84;7,93;60,04
8748;32,50;7,89;52,03
8749;26,35;8,34;56,69
8751;37,87;11,31;58,15
8752;12,19;11,77;44,01
8753;23,08;9,10;60,70
8754;18,17;8,97;59,67
8755;20,00;6,76;62,85
8756;20,29;23,06;75,50
8757;18,54;13,63;69,18
8758;24,03;6,40;63,52
8759;18,75;6,52;61,33
8761;25,83;6,94;62,36
8762;18,83;9,14;66,51
8763;20,79;7,10;64,36
8764;22,29;8,30;65,22
8765;23,05;6,47;64,92
8766;22,64;7,04;48,91
8771;25,55;7,70;60,01
8772;32,56;7,08;60,19
8773;23,94;7,27;67,20
8774;24,66;6,43;56,89
8775;25,89;5,54;72,21
8801;25,18;7,71;50,38
8802;25,10;8,95;46,40
8804;27,19;7,19;59,93
8805;26,14;7,47;71,68
8806;24,68;7,20;60,23
8807;24,72;8,25;55,46
8808;21,26;8,07;48,31
8809;24,66;8,16;51,07
8811;25,66;9,60;51,64
8812;28,28;8,22;55,65
8813;29,97;8,21;52,46
8814;24,96;7,35;64,85
8816;29,84;9,17;59,60
8821;27,65;9,05;51,47
8822;35,81;7,27;54,28
8823;26,88;7,28;57,90
8831;22,47;6,50;55,89
8832;29,36;8,05;60,47
8833;26,49;5,33;57,05
8834;26,83;7,04;62,50
8835;21,25;7,39;59,98
8841;21,73;6,93;59,16
8842;22,64;6,83;56,82
8843;25,40;7,07;56,40
8844;29,99;6,28;56,49
8845;24,26;6,04;59,43
8851;26,75;8,99;50,66
8852;26,96;8,43;55,69
8853;24,30;8,16;55,19
8854;23,40;7,89;55,35
8855;26,41;7,95;52,91
8856;30,30;7,55;50,63
8857;25,79;9,98;53,42
8861;19,41;7,19;43,79
8862;20,58;8,71;46,92
8871;44,15;9,11;49,72
8872;27,65;9,21;50,62
8881;52,36;11,97;72,44
8882;29,41;12,21;78,42
8883;21,80;11,00;82,68
8884;17,80;11,37;80,37
8885;9,04;8,30;77,75
8891;26,22;11,32;79,95
8892;13,17;11,65;78,94
8893;20,31;12,65;80,14
8894;57,27;9,11;70,56
8895;54,18;9,85;64,59
8896;63,01;10,03;67,77
8897;19,14;18,00;91,49
8899;52,61;11,95;75,94
8911;28,49;5,26;25,79
8912;22,56;6,09;60,91
8913;17,85;7,53;21,83
8914;18,89;6,26;56,17
8915;26,84;7,98;38,87
8916;16,32;8,00;24,98
8917;30,93;7,21;35,13
8918;29,64;7,26;37,35
8919;37,15;10,39;71,29
8921;20,11;7,15;28,47
8922;16,39;7,32;26,35
8923;18,94;6,09;35,87
8924;30,17;6,78;47,17
8925;18,22;8,58;33,63
8926;34,52;10,16;52,06
8927;10,69;5,99;51,10
8931;27,55;6,89;45,78
8932;24,77;7,29;25,59
8933;20,39;7,64;32,75
8934;27,61;7,24;32,50
8935;22,61;8,97;33,14
8936;28,40;8,27;36,91
8937;25,37;7,28;39,40
8938;40,63;7,18;38,79
8939;15,14;11,21;55,98
8941;20,65;6,24;57,04
9001;24,73;9,54;56,37
9003;26,20;20,46;49,29
9004;19,96;6,93;60,19
9005;19,93;6,40;57,03
9006;17,32;6,12;54,18
9007;26,00;21,17;59,19
9008;24,86;7,20;58,20
9009;25,33;5,44;54,87
9011;26,74;8,12;58,46
9012;27,76;6,57;57,71
9013;29,08;7,48;56,98
9014;24,08;6,93;58,14
9021;23,65;6,16;62,54
9022;21,90;8,14;57,13
9023;23,25;6,75;59,60
9024;25,28;6,96;55,02
9025;22,56;7,74;64,67
9026;25,33;8,21;57,30
9027;22,25;7,01;63,06
9031;23,28;7,96;60,26
9032;23,32;6,95;58,95
9033;22,30;7,85;60,03
9034;29,22;7,21;60,85
9035;24,08;8,24;56,03
9036;23,73;9,44;52,85
9037;28,24;7,23;60,17
9038;23,65;7,64;55,31
9041;24,42;8,31;53,75
9043;26,12;8,99;56,29
9044;26,94;7,73;48,86
9045;26,69;7,34;56,90
9047;27,32;7,65;52,29
9051;24,28;9,02;50,57
9053;24,39;7,95;54,35
9054;25,18;8,87;59,40
9055;22,37;7,57;55,41
9056;32,44;6,97;55,72
9057;36,10;8,47;56,36
9061;34,19;7,92;46,42
9062;38,03;7,97;45,84
9063;36,62;8,07;49,60
9064;43,31;8,40;50,27
9067;28,41;7,18;60,16
9071;29,02;7,86;55,12
9072;22,71;8,26;47,13
9073;23,57;8,08;56,81
9074;24,67;7,52;57,58
9075;22,94;7,89;64,35
9076;25,65;8,01;52,59
9077;27,20;7,57;58,01
9078;27,11;7,50;57,68
9079;27,58;8,26;53,38
9081;24,09;7,12;54,05
9082;31,27;6,63;53,44
9083;23,98;10,38;51,78
9084;25,41;8,46;44,71
9085;22,91;6,53;55,96
9086;31,36;11,20;63,11
9087;24,12;6,47;59,05
9088;24,21;7,20;56,94
9089;24,43;6,28;56,64
9091;25,17;8,33;58,30
9101;26,31;7,63;43,99
9102;20,59;9,42;39,51
9103;22,95;9,63;48,29
9104;30,70;8,84;46,90
9105;31,24;8,94;65,18
9106;23,69;8,33;56,97
9107;31,78;7,68;65,38
9108;25,27;8,37;55,41
9109;25,55;9,28;67,93
9111;22,61;6,89;60,04
9112;21,61;7,88;58,01
9113;28,64;8,42;55,62
9114;31,42;8,01;56,29
9121;32,41;6,88;60,38
9122;29,47;6,88;59,69
9123;30,62;9,28;51,61
9124;26,69;5,99;60,55
9125;24,24;8,15;58,32
9131;26,25;7,46;58,81
9132;25,99;6,95;65,98
9133;23,96;7,68;70,92
9134;25,32;8,15;57,50
9135;26,30;7,14;61,84
9136;22,83;8,50;55,41
9137;30,09;8,03;53,55
9138;23,01;7,87;60,34
9141;25,18;9,55;52,42
9142;31,07;10,15;53,67
9143;24,44;8,05;56,33
9144;29,95;7,97;58,13
9145;28,20;8,89;57,21
9146;28,98;7,33;61,16
9147;26,58;7,96;54,69
9148;26,69;7,58;65,93
9151;24,83;7,91;63,20
9152;30,56;8,03;59,80
9153;22,43;7,67;56,73
9154;26,40;7,53;63,06
9155;25,27;7,50;64,56
9156;25,37;7,81;60,24
9161;30,10;12,93;78,49
9162;34,85;13,33;80,75
9163;46,54;10,43;74,36
9164;24,82;13,40;89,73
9166;30,33;16,62;81,80
9171;22,51;7,45;64,26
9172;28,25;8,59;55,74
9173;30,13;7,99;65,65
9174;24,63;7,71;62,30
9175;24,76;7,59;64,45
9176;21,01;7,32;71,21
9177;28,54;6,88;58,77
9178;26,05;7,92;58,23
9201;26,98;6,90;33,94
9202;27,99;7,54;43,95
9203;30,98;7,46;39,55
9204;33,16;7,60;40,37
9205;29,25;7,91;32,90
9206;24,98;9,69;41,94
9207;27,78;8,38;49,87
9211;50,23;8,37;34,34
9212;48,13;10,01;37,42
9213;34,98;7,74;49,84
9214;34,10;8,33;68,77
9215;22,27;11,74;60,15
9216;26,27;10,00;60,05
9217;27,39;7,56;56,80
9218;29,12;8,06;54,04
9219;28,13;7,83;54,73
9221;26,73;8,25;51,32
9222;31,93;7,80;49,03
9223;31,00;7,56;53,53
9231;23,73;7,88;47,64
9233;26,90;8,55;59,44
9241;51,76;7,10;33,79
9243;57,74;7,26;33,37
9244;59,34;7,22;35,72
9245;27,73;8,13;56,61
9246;65,27;6,77;23,52
9247;35,48;8,19;48,70
9248;35,37;7,36;53,21
9249;32,04;6,80;54,39
9251;33,39;8,29;45,48
9254;27,82;8,18;54,10
9255;33,76;9,00;54,26
9256;28,43;7,61;55,98
9257;36,49;8,97;47,05
9258;23,64;9,87;53,21
9261;27,48;9,14;53,57
9262;29,86;8,07;52,78
9263;26,01;8,56;58,18
9264;24,47;13,04;55,70
9265;28,14;7,91;57,62
9269;29,03;11,17;55,42
9271;22,49;8,63;52,38
9281;26,93;7,98;51,08
9283;23,91;8,18;60,00
9284;23,33;8,92;57,12
9285;27,48;9,74;52,58
9286;25,83;10,45;60,86
9287;25,27;8,29;54,08
9288;26,17;9,60;47,32
9289;25,27;9,44;50,21
9291;29,10;8,50;48,17
9292;25,38;6,92;60,01
9293;40,03;9,95;58,36
9294;25,85;8,75;53,32
9295;24,39;8,18;60,34
9296;25,97;9,78;53,25
9297;47,05;8,41;37,78
9298;27,17;8,78;55,52
9299;24,07;8,87;47,90
9301;44,35;7,78;40,61
9302;20,91;8,90;40,67
9304;48,83;8,36;54,67
9305;57,39;7,52;39,80
9306;51,56;8,06;56,56
9307;55,36;8,79;34,92
9311;37,39;8,18;51,44
9312;40,62;8,75;55,56
9313;36,75;8,05;60,27
9314;41,79;7,74;56,98
9315;31,63;9,94;68,87
9321;34,90;8,41;62,67
9331;61,90;7,24;29,04
9333;49,82;9,87;57,67
9334;54,32;7,52;36,56
9335;52,15;8,12;34,59
9336;55,54;9,03;32,03
9337;56,69;7,04;39,76
9341;56,93;7,80;26,06
9342;49,56;8,85;46,02
9343;38,30;7,22;48,99
9351;31,88;8,10;42,26
9354;37,43;7,08;52,19
9355;30,41;8,55;60,63
9356;30,18;8,07;52,76
9359;33,54;8,71;76,82
9361;33,99;7,86;61,31
9362;30,67;10,12;66,11
9363;36,71;8,07;50,41
9364;36,30;7,67;46,83
9365;31,59;7,90;59,35
9366;33,88;6,79;53,93
9367;31,47;7,53;53,51
9401;58,22;6,15;24,48
9402;24,50;7,08;29,52
9403;33,66;8,10;40,43
9404;45,19;7,74;43,31
9405;45,42;9,67;42,89
9406;38,42;9,09;38,47
9407;28,25;8,91;34,62
9408;11,69;7,53;40,04
9409;46,08;7,91;45,69
9411;42,09;8,19;43,63
9412;27,39;8,53;39,79
9413;28,92;7,60;44,88
9414;56,52;8,04;38,98
9415;50,47;8,10;37,98
9416;46,48;10,61;40,80
9417;55,25;8,09;32,23
9418;49,33;8,72;43,45
9419;44,19;8,26;48,86
9421;37,42;10,37;43,43
9422;48,85;8,52;38,20
9423;51,96;10,71;33,66
9431;48,32;7,80;38,58
9432;44,82;6,97;55,89
9433;50,62;7,91;34,71
9434;40,73;8,15;49,15
9435;45,76;8,73;46,25
9436;43,59;13,83;46,70
9437;37,18;8,47;46,22
9438;31,05;8,66;51,09
9439;49,91;7,54;38,77
9441;52,47;7,85;35,99
9442;54,55;9,75;33,66
9443;61,94;7,58;27,56
9444;60,94;7,40;29,36
9445;30,16;5,78;56,48
9446;49,97;10,76;30,76
9447;62,62;8,13;28,32
9448;56,20;8,02;38,23
9449;47,50;8,48;40,85
9451;50,96;7,23;38,47
9452;41,26;8,66;45,14
9453;48,56;6,93;41,17
9454;43,86;8,70;48,50
9455;28,18;13,37;83,38
9456;48,63;7,82;57,52
9457;44,56;7,37;57,17
9458;35,09;9,15;63,77
9459;32,83;8,33;50,72
9461;54,23;7,38;37,81
9462;57,49;7,52;33,80
9463;57,16;8,43;38,12
9464;40,88;8,16;70,76
9465;48,71;7,79;48,67
9466;48,67;8,85;57,63
9467;63,13;6,98;25,87
9468;41,04;8,31;51,19
9469;57,67;8,92;33,28
9471;49,40;7,55;44,35
9472;48,21;7,38;42,23
9473;36,71;9,45;49,06
9474;41,14;11,03;55,67
9475;48,86;8,71;46,02
9479;56,42;8,50;48,53
9481;45,40;7,79;41,30
9482;44,78;8,06;46,04
9483;56,94;7,28;38,80
9484;54,13;7,35;33,82
9485;47,68;8,24;63,02
9486;48,14;9,17;53,16
9487;36,64;7,43;52,06
9488;43,24;7,83;38,44
9489;42,03;10,47;61,94
9491;50,64;8,50;35,78
9492;46,32;8,09;38,02
9493;44,65;8,20;57,43
9494;46,03;8,11;44,95
9495;38,81;7,60;56,16
9496;37,85;9,48;48,12
9497;50,63;7,94;45,53
9501;39,61;10,02;39,04
9502;43,01;7,63;40,02
9503;33,07;7,75;43,62
9511;33,39;8,15;55,20
9512;34,74;7,60;43,66
9514;45,24;8,24;46,88
9515;48,81;9,89;41,22
9521;37,59;7,66;45,31
9523;46,17;6,99;48,01
9524;39,43;7,67;58,78
9525;41,61;7,00;57,60
9526;44,93;6,53;74,93
9527;49,08;7,52;49,84
9528;53,15;8,58;48,78
9531;50,31;9,15;37,11
9533;64,06;7,57;29,11
9534;39,39;6,65;53,18
9535;61,06;8,48;29,24
9536;60,47;8,52;37,61
9537;41,72;7,79;50,14
9541;42,30;8,13;43,31
9545;43,36;8,31;43,63
9551;54,36;7,88;35,68
9561;52,32;7,57;37,69
9563;35,12;7,91;50,09
9564;40,60;6,98;51,03
9566;40,56;8,48;44,43
9571;40,98;7,94;43,00
9573;36,48;7,16;44,09
9574;39,82;10,09;56,68
9581;38,23;7,95;42,34
9584;37,67;8,08;46,92
9585;56,70;8,55;38,29
9591;42,69;8,19;45,44
9601;30,16;7,40;34,20
9602;29,03;7,91;32,59
9603;35,01;7,81;44,56
9605;32,74;8,35;46,49
9606;39,01;10,71;53,64
9607;25,95;7,65;45,19
9608;37,25;10,55;52,50
9609;30,58;8,43;42,87
9611;34,63;7,64;40,99
9613;10,59;5,03;49,18
9614;41,14;11,23;51,56
9615;39,26;8,67;48,21
9616;37,80;8,61;59,78
9617;28,17;10,17;50,74
9618;38,08;9,67;58,60
9619;37,74;8,68;47,20
9621;42,10;9,48;47,29
9622;34,98;10,09;56,06
9623;26,53;8,88;64,64
9624;25,85;8,45;63,23
9625;32,69;10,22;55,48
9626;36,68;8,39;53,99
9627;38,71;7,25;49,05
9628;42,24;7,90;48,27
9629;36,16;10,45;55,19
9631;41,78;9,32;41,21
9632;29,38;7,11;40,59
9633;49,37;11,85;38,07
9635;38,12;8,26;50,22
9636;37,17;8,73;52,85
9641;30,73;7,68;43,27
9642;42,81;7,33;32,37
9644;34,74;7,50;51,62
9645;35,93;7,81;43,85
9646;35,15;8,77;47,84
9648;30,27;7,94;42,88
9649;35,61;9,07;48,73
9651;38,61;9,13;52,22
9654;32,20;7,75;44,93
9655;38,26;7,59;53,52
9656;29,77;8,15;52,70
9657;34,56;7,49;51,41
9658;35,57;8,38;50,74
9659;30,83;7,64;43,50
9661;42,35;8,28;44,53
9663;34,92;7,99;45,18
9665;40,64;8,14;43,15
9671;29,00;7,57;30,28
9672;30,60;10,40;51,82
9673;35,09;8,60;42,93
9674;41,55;9,17;44,21
9675;34,74;8,43;44,26
9677;38,83;9,23;48,07
9678;45,98;8,62;44,71
9679;35,89;9,36;52,83
9681;46,70;9,18;48,79
9682;30,96;9,63;61,50
9684;41,92;10,18;54,68
9685;19,59;13,66;56,56
9686;39,41;9,48;53,51
9687;35,16;10,96;59,74
9688;27,47;5,99;74,32
9691;30,11;17,35;54,85
9693;42,73;11,64;49,98
9695;44,63;8,39;48,88
9696;36,04;9,38;50,36
9697;39,77;7,62;53,49
9698;43,40;8,47;42,90
9699;50,01;8,80;36,97
9711;24,08;6,25;20,16
9712;34,06;6,49;22,29
9713;24,18;7,37;30,92
9714;18,47;8,32;26,63
9715;23,94;7,45;27,23
9716;18,72;6,82;30,34
9717;26,70;8,17;24,52
9718;19,59;7,22;25,43
9721;32,24;8,23;29,08
9722;35,66;8,90;28,87
9723;28,46;8,33;50,72
9724;23,17;7,27;17,38
9725;32,35;7,45;24,07
9726;21,32;7,91;27,19
9727;40,28;8,67;35,36
9728;29,78;9,61;38,32
9731;26,17;9,38;38,30
9732;32,76;8,37;28,38
9733;35,84;8,91;25,15
9734;41,18;9,99;44,36
9735;31,24;12,16;52,32
9736;29,30;8,16;29,39
9737;34,49;9,02;32,75
9738;31,71;8,26;53,09
9741;33,81;7,80;33,05
9742;26,70;7,42;30,62
9743;28,42;8,23;37,47
9744;26,49;8,57;48,57
9745;32,72;8,55;50,90
9746;18,08;8,02;49,35
9747;45,37;8,67;47,36
9749;23,99;10,04;51,81
9751;38,91;8,72;42,09
9752;38,23;9,59;47,00
9753;31,54;9,52;43,24
9755;39,34;8,83;61,77
9756;48,59;7,76;48,88
9761;43,03;7,84;49,66
9765;44,84;9,04;42,62
9766;32,52;8,11;51,01
9771;24,18;7,95;51,48
9773;26,52;6,07;58,82
9774;28,73;6,62;56,11
9781;27,38;8,49;50,00
9784;26,85;6,96;56,46
9785;39,81;12,67;47,95
9791;30,13;9,78;45,35
9792;29,68;7,21;54,88
9793;27,34;8,65;52,69
9794;33,53;5,83;51,38
9795;28,50;7,70;55,70
9796;29,29;7,22;56,59
9797;24,46;8,18;59,30
9798;28,63;9,43;62,62
9801;27,37;8,33;47,69
9804;22,75;7,46;58,18
9805;22,66;7,51;55,54
9811;19,20;7,08;59,93
9812;19,27;8,67;42,18
9821;27,78;7,81;58,93
9822;25,47;7,83;57,90
9824;29,08;7,61;58,74
9825;31,94;6,65;64,79
9827;36,34;12,30;59,02
9828;27,83;8,80;57,20
9831;29,73;8,80;52,27
9832;26,43;7,04;60,53
9833;30,24;6,66;59,26
9841;19,19;6,50;48,44
9842;25,76;6,58;48,78
9843;30,61;8,68;52,21
9844;22,89;6,74;59,61
9845;23,49;7,63;58,55
9851;25,31;6,68;59,74
9852;21,86;19,24;69,99
9853;29,19;13,30;68,45
9861;28,28;7,65;53,55
9862;26,59;7,10;60,56
9863;24,86;8,26;59,63
9864;29,20;7,22;53,63
9865;32,65;8,16;56,65
9866;24,42;7,97;60,49
9871;17,10;6,67;39,75
9872;19,70;6,49;59,02
9873;24,67;7,55;55,97
9881;27,24;7,79;52,95
9882;16,35;6,76;49,44
9883;22,17;7,21;58,17
9884;20,77;6,39;59,40
9885;21,64;8,54;61,90
9886;25,20;6,56;58,81
9891;25,60;7,36;60,39
9892;25,34;7,73;63,20
9893;26,46;7,08;54,85
9901;32,56;7,52;52,12
9902;26,93;8,62;51,12
9903;21,11;7,49;47,99
9904;28,05;7,37;58,52
9905;28,18;7,16;55,19
9906;33,88;8,60;56,85
9907;27,27;8,13;57,33
9908;26,64;6,65;56,31
9909;31,75;8,01;51,65
9911;29,59;7,17;59,15
9912;33,25;7,02;56,90
9913;29,26;8,36;52,32
9914;32,56;7,40;51,50
9915;33,79;7,16;54,03
9917;32,16;8,36;56,03
9918;29,02;7,00;59,75
9919;26,87;8,58;50,49
9921;29,98;7,30;53,56
9922;28,21;7,67;55,63
9923;29,32;8,46;53,27
9924;37,60;9,02;57,46
9925;38,32;8,26;50,86
9931;37,89;8,13;50,38
9932;28,78;8,42;46,96
9933;27,36;8,33;47,33
9934;34,56;7,74;37,25
9936;25,67;7,83;64,58
9937;31,55;8,38;58,69
9939;52,12;7,69;43,53
9942;37,06;8,66;49,74
9943;34,09;9,02;56,61
9944;34,54;7,90;55,38
9945;39,69;8,78;47,93
9946;34,53;7,96;61,56
9947;28,77;7,97;63,91
9948;36,24;9,94;53,68
9949;42,03;12,33;55,09
9951;26,09;7,62;52,87
9953;26,83;8,16;48,55
9954;30,02;8,25;59,25
9955;40,21;7,27;53,66
9956;30,97;7,81;59,01
9957;34,82;6,26;55,17
9959;30,23;8,08;56,46
9961;36,82;9,70;54,36
9962;28,71;7,27;60,02
9963;28,18;8,95;57,13
9964;38,09;8,84;49,87
9965;28,61;7,36;49,89
9966;33,37;6,62;59,87
9967;39,16;7,71;50,96
9968;29,03;7,53;60,78
9969;28,38;7,06;68,99
9971;31,02;7,09;54,72
9972;32,48;5,97;55,21
9973;33,95;8,01;54,33
9974;34,47;10,07;63,80
9975;38,02;10,45;77,02
9976;39,65;16,88;63,72
9977;30,08;8,22;59,30
9978;29,96;7,24;59,69
9979;23,41;13,10;57,55
9981;37,13;8,40;54,22
9982;28,13;8,21;53,89
9983;27,52;9,38;52,26
9984;26,78;7,52;55,63
9985;30,29;7,85;57,48
9986;29,94;7,12;52,65
9987;32,21;6,67;53,58
9988;35,16;7,64;56,84
9989;31,51;8,27;54,82
9991;30,85;8,45;51,63
9992;38,77;9,13;51,85
9993;27,85;7,16;58,81
9994;26,16;7,27;66,14
9995;28,77;8,64;58,27
9996;26,58;7,51;59,42
9997;27,59;8,55;61,55
9998;27,23;7,72;60,94
9999;27,83;6,35;67,30
